-- ============================================================================
-- Foliofox Local Development Seed Data
-- ============================================================================
-- This script seeds a test user for local development only.
-- It will NOT run against linked or production projects because seed.sql
-- is only executed by 'supabase db reset' in local environments.
--
-- Test User Credentials:
--   Email:    test@example.com
--   Password: Password123!
--   Username: Testuser
-- ============================================================================

-- Insert test user into auth.users
-- Password hash generated with: crypt('Password123!', gen_salt('bf'))
INSERT INTO auth.users (
    instance_id,
    id,
    aud,
    role,
    email,
    encrypted_password,
    email_confirmed_at,
    invited_at,
    confirmation_token,
    confirmation_sent_at,
    recovery_token,
    recovery_sent_at,
    email_change_token_new,
    email_change,
    email_change_sent_at,
    last_sign_in_at,
    raw_app_meta_data,
    raw_user_meta_data,
    is_super_admin,
    created_at,
    updated_at,
    phone,
    phone_confirmed_at,
    phone_change,
    phone_change_token,
    phone_change_sent_at,
    email_change_token_current,
    email_change_confirm_status,
    banned_until,
    reauthentication_token,
    reauthentication_sent_at,
    is_sso_user,
    deleted_at,
    is_anonymous
) VALUES (
    '00000000-0000-0000-0000-000000000000',
    'f7e710c7-2e9c-4925-a8d8-6a13def5fe41',
    'authenticated',
    'authenticated',
    'test@example.com',
    crypt('Password123!', gen_salt('bf')),
    NOW(),
    NULL,
    '',
    NULL,
    '',
    NULL,
    '',
    '',
    NULL,
    NOW(),
    '{"provider": "email", "providers": ["email"]}',
    '{"sub": "f7e710c7-2e9c-4925-a8d8-6a13def5fe41", "email": "test@example.com", "username": "Testuser", "email_verified": true, "phone_verified": false}',
    NULL,
    NOW(),
    NOW(),
    NULL,
    NULL,
    '',
    '',
    NULL,
    '',
    0,
    NULL,
    '',
    NULL,
    false,
    NULL,
    false
) ON CONFLICT (id) DO NOTHING;

-- Insert corresponding identity record
INSERT INTO auth.identities (
    provider_id,
    user_id,
    identity_data,
    provider,
    last_sign_in_at,
    created_at,
    updated_at,
    id
) VALUES (
    'f7e710c7-2e9c-4925-a8d8-6a13def5fe41',
    'f7e710c7-2e9c-4925-a8d8-6a13def5fe41',
    '{"sub": "f7e710c7-2e9c-4925-a8d8-6a13def5fe41", "email": "test@example.com", "username": "Testuser", "email_verified": true, "phone_verified": false}',
    'email',
    NOW(),
    NOW(),
    NOW(),
    'e9ad1c46-1ce4-415f-9e39-12a1e9f617d6'
) ON CONFLICT (id) DO NOTHING;

-- Insert user profile
INSERT INTO public.profiles (
    user_id,
    username,
    display_currency,
    avatar_url,
    created_at,
    updated_at
) VALUES (
    'f7e710c7-2e9c-4925-a8d8-6a13def5fe41',
    'Testuser',
    'USD',
    NULL,
    NOW(),
    NOW()
) ON CONFLICT (user_id) DO NOTHING;

-- ==============================================
-- Seeded Portfolio Data
-- ==============================================

INSERT INTO public.symbols (ticker, short_name, long_name, exchange, sector, industry, created_at, updated_at, quote_type, currency, id, last_quote_at) VALUES ('AAPL', 'Apple Inc.', 'Apple Inc.', 'NasdaqGS', 'Technology', 'Consumer Electronics', '2026-02-01 08:52:04.382131+00', '2026-02-01 08:52:12.707487+00', 'EQUITY', 'USD', '3be27f4e-abb4-48e0-a6ad-f07ce912e225', '2026-01-30 00:00:00+00') ON CONFLICT DO NOTHING;
INSERT INTO public.symbols (ticker, short_name, long_name, exchange, sector, industry, created_at, updated_at, quote_type, currency, id, last_quote_at) VALUES ('MSFT', 'Microsoft Corporation', 'Microsoft Corporation', 'NasdaqGS', 'Technology', 'Software - Infrastructure', '2026-02-01 08:52:04.742252+00', '2026-02-01 08:52:12.720443+00', 'EQUITY', 'USD', 'f8286436-09d7-4e8a-bdd1-d064c2e22cc3', '2026-01-30 00:00:00+00') ON CONFLICT DO NOTHING;
INSERT INTO public.symbols (ticker, short_name, long_name, exchange, sector, industry, created_at, updated_at, quote_type, currency, id, last_quote_at) VALUES ('9984.T', 'SOFTBANK GROUP CORP', 'SoftBank Group Corp.', 'Tokyo', 'Communication Services', 'Telecom Services', '2026-02-01 08:52:05.084937+00', '2026-02-01 08:52:12.732963+00', 'EQUITY', 'JPY', 'ca09e75c-bc04-43ac-99be-38428d41e2e3', '2026-01-30 00:00:00+00') ON CONFLICT DO NOTHING;
INSERT INTO public.symbols (ticker, short_name, long_name, exchange, sector, industry, created_at, updated_at, quote_type, currency, id, last_quote_at) VALUES ('SPY', 'State Street SPDR S&P 500 ETF T', 'State Street SPDR S&P 500 ETF Trust', 'NYSEArca', NULL, NULL, '2026-02-01 08:52:05.583016+00', '2026-02-01 08:52:12.74438+00', 'ETF', 'USD', '3668309d-81a3-4da5-92d8-574f0c732059', '2026-01-30 00:00:00+00') ON CONFLICT DO NOTHING;
INSERT INTO public.symbols (ticker, short_name, long_name, exchange, sector, industry, created_at, updated_at, quote_type, currency, id, last_quote_at) VALUES ('0700.HK', 'TENCENT', 'Tencent Holdings Limited', 'HKSE', 'Communication Services', 'Internet Content & Information', '2026-02-01 08:52:05.94035+00', '2026-02-01 08:52:12.752478+00', 'EQUITY', 'HKD', 'dac3d827-8da1-4547-88a8-a5327e12db97', '2026-01-30 00:00:00+00') ON CONFLICT DO NOTHING;
INSERT INTO public.symbols (ticker, short_name, long_name, exchange, sector, industry, created_at, updated_at, quote_type, currency, id, last_quote_at) VALUES ('VWCE.DE', 'Vanguard FTSE All-World U.ETF R', 'Vanguard FTSE All-World UCITS ETF USD Accumulation', 'XETRA', NULL, NULL, '2026-02-01 08:52:06.293074+00', '2026-02-01 08:52:12.760921+00', 'ETF', 'EUR', '8f78e671-8724-4f0a-a2df-9595ea334e2d', '2026-01-30 00:00:00+00') ON CONFLICT DO NOTHING;
INSERT INTO public.symbols (ticker, short_name, long_name, exchange, sector, industry, created_at, updated_at, quote_type, currency, id, last_quote_at) VALUES ('BTC-USD', 'Bitcoin USD', 'Bitcoin USD', 'CCC', NULL, NULL, '2026-02-01 08:52:06.852186+00', '2026-02-01 08:52:12.769492+00', 'CRYPTOCURRENCY', 'USD', '277aa1b9-8ab2-4012-a51c-43d3cd1e2e95', '2026-02-01 00:00:00+00') ON CONFLICT DO NOTHING;
INSERT INTO public.symbols (ticker, short_name, long_name, exchange, sector, industry, created_at, updated_at, quote_type, currency, id, last_quote_at) VALUES ('ETH-USD', 'Ethereum USD', 'Ethereum USD', 'CCC', NULL, NULL, '2026-02-01 08:52:07.219464+00', '2026-02-01 08:52:12.77747+00', 'CRYPTOCURRENCY', 'USD', '502c0cb4-7383-4823-a2d0-c81004358efd', '2026-02-01 00:00:00+00') ON CONFLICT DO NOTHING;
INSERT INTO public.symbols (ticker, short_name, long_name, exchange, sector, industry, created_at, updated_at, quote_type, currency, id, last_quote_at) VALUES ('GLD', 'SPDR Gold Shares', 'SPDR Gold Shares', 'NYSEArca', NULL, NULL, '2026-02-01 08:52:07.736977+00', '2026-02-01 08:52:12.78913+00', 'ETF', 'USD', '0a687a82-1a20-4fb3-93b9-ac334f1e2249', '2026-01-30 00:00:00+00') ON CONFLICT DO NOTHING;
INSERT INTO public.positions (id, user_id, type, name, currency, category_id, archived_at, created_at, updated_at, description, domain_id, symbol_id) VALUES ('783a1cd3-d79b-4932-882f-580ae323adb4', 'f7e710c7-2e9c-4925-a8d8-6a13def5fe41', 'asset', 'Hong Kong Cash', 'HKD', 'cash', NULL, '2026-02-01 08:52:04.077636+00', '2026-02-01 08:52:04.077636+00', NULL, NULL, NULL) ON CONFLICT DO NOTHING;
INSERT INTO public.positions (id, user_id, type, name, currency, category_id, archived_at, created_at, updated_at, description, domain_id, symbol_id) VALUES ('8bc59f8d-62a7-40e1-9cc8-e7647e6a1c4c', 'f7e710c7-2e9c-4925-a8d8-6a13def5fe41', 'asset', 'Operating Cash', 'USD', 'cash', NULL, '2026-02-01 08:52:04.186098+00', '2026-02-01 08:52:04.186098+00', NULL, NULL, NULL) ON CONFLICT DO NOTHING;
INSERT INTO public.positions (id, user_id, type, name, currency, category_id, archived_at, created_at, updated_at, description, domain_id, symbol_id) VALUES ('3f273f7e-b950-457c-96f3-8964e4e60c1d', 'f7e710c7-2e9c-4925-a8d8-6a13def5fe41', 'asset', 'Apple Inc', 'USD', 'equity', NULL, '2026-02-01 08:52:04.498127+00', '2026-02-01 08:52:04.498127+00', NULL, NULL, '3be27f4e-abb4-48e0-a6ad-f07ce912e225') ON CONFLICT DO NOTHING;
INSERT INTO public.positions (id, user_id, type, name, currency, category_id, archived_at, created_at, updated_at, description, domain_id, symbol_id) VALUES ('4b0f79d8-88d3-45e9-8b78-b1c0efe9ced6', 'f7e710c7-2e9c-4925-a8d8-6a13def5fe41', 'asset', 'Microsoft Corp', 'USD', 'equity', NULL, '2026-02-01 08:52:04.853839+00', '2026-02-01 08:52:04.853839+00', NULL, NULL, 'f8286436-09d7-4e8a-bdd1-d064c2e22cc3') ON CONFLICT DO NOTHING;
INSERT INTO public.positions (id, user_id, type, name, currency, category_id, archived_at, created_at, updated_at, description, domain_id, symbol_id) VALUES ('fddf0cc4-7c0e-45d7-baf2-60f39b70f0f7', 'f7e710c7-2e9c-4925-a8d8-6a13def5fe41', 'asset', 'SoftBank Group', 'JPY', 'equity', NULL, '2026-02-01 08:52:05.172039+00', '2026-02-01 08:52:05.172039+00', NULL, NULL, 'ca09e75c-bc04-43ac-99be-38428d41e2e3') ON CONFLICT DO NOTHING;
INSERT INTO public.positions (id, user_id, type, name, currency, category_id, archived_at, created_at, updated_at, description, domain_id, symbol_id) VALUES ('4a962e75-0785-4e85-b365-6ca88db8a07e', 'f7e710c7-2e9c-4925-a8d8-6a13def5fe41', 'asset', 'SPDR S&P 500 ETF', 'USD', 'equity', NULL, '2026-02-01 08:52:05.708911+00', '2026-02-01 08:52:05.708911+00', NULL, NULL, '3668309d-81a3-4da5-92d8-574f0c732059') ON CONFLICT DO NOTHING;
INSERT INTO public.positions (id, user_id, type, name, currency, category_id, archived_at, created_at, updated_at, description, domain_id, symbol_id) VALUES ('48621b08-2009-4c7e-aee4-bec4e0a9eecd', 'f7e710c7-2e9c-4925-a8d8-6a13def5fe41', 'asset', 'Tencent Holdings', 'HKD', 'equity', NULL, '2026-02-01 08:52:06.038983+00', '2026-02-01 08:52:06.038983+00', NULL, NULL, 'dac3d827-8da1-4547-88a8-a5327e12db97') ON CONFLICT DO NOTHING;
INSERT INTO public.positions (id, user_id, type, name, currency, category_id, archived_at, created_at, updated_at, description, domain_id, symbol_id) VALUES ('a93bb7de-264e-46b7-8af0-70eaa34b96dc', 'f7e710c7-2e9c-4925-a8d8-6a13def5fe41', 'asset', 'Vanguard FTSE All-World (Acc)', 'EUR', 'equity', NULL, '2026-02-01 08:52:06.402031+00', '2026-02-01 08:52:06.402031+00', NULL, NULL, '8f78e671-8724-4f0a-a2df-9595ea334e2d') ON CONFLICT DO NOTHING;
INSERT INTO public.positions (id, user_id, type, name, currency, category_id, archived_at, created_at, updated_at, description, domain_id, symbol_id) VALUES ('4852f410-ea7b-40fd-88a2-8f04ec6a0a5a', 'f7e710c7-2e9c-4925-a8d8-6a13def5fe41', 'asset', 'US Treasury 10Y Notes', 'USD', 'fixed_income', NULL, '2026-02-01 08:52:06.490944+00', '2026-02-01 08:52:06.490944+00', NULL, NULL, NULL) ON CONFLICT DO NOTHING;
INSERT INTO public.positions (id, user_id, type, name, currency, category_id, archived_at, created_at, updated_at, description, domain_id, symbol_id) VALUES ('e4c8fce4-641a-4267-a605-53d525ff7cf3', 'f7e710c7-2e9c-4925-a8d8-6a13def5fe41', 'asset', 'US Treasury 2Y Notes', 'USD', 'fixed_income', NULL, '2026-02-01 08:52:06.566636+00', '2026-02-01 08:52:06.566636+00', NULL, NULL, NULL) ON CONFLICT DO NOTHING;
INSERT INTO public.positions (id, user_id, type, name, currency, category_id, archived_at, created_at, updated_at, description, domain_id, symbol_id) VALUES ('6ee6ecd1-001a-4541-9de1-86182cb0b3fa', 'f7e710c7-2e9c-4925-a8d8-6a13def5fe41', 'asset', 'Milan Apartment', 'EUR', 'real_estate', NULL, '2026-02-01 08:52:06.642022+00', '2026-02-01 08:52:06.642022+00', NULL, NULL, NULL) ON CONFLICT DO NOTHING;
INSERT INTO public.positions (id, user_id, type, name, currency, category_id, archived_at, created_at, updated_at, description, domain_id, symbol_id) VALUES ('d7d82192-5595-44b2-9042-1f4e889b198d', 'f7e710c7-2e9c-4925-a8d8-6a13def5fe41', 'asset', 'Bitcoin', 'USD', 'cryptocurrency', NULL, '2026-02-01 08:52:06.952609+00', '2026-02-01 08:52:06.952609+00', NULL, NULL, '277aa1b9-8ab2-4012-a51c-43d3cd1e2e95') ON CONFLICT DO NOTHING;
INSERT INTO public.positions (id, user_id, type, name, currency, category_id, archived_at, created_at, updated_at, description, domain_id, symbol_id) VALUES ('8a351b96-72e1-400f-bfa3-144ecb909231', 'f7e710c7-2e9c-4925-a8d8-6a13def5fe41', 'asset', 'Ethereum', 'USD', 'cryptocurrency', NULL, '2026-02-01 08:52:07.332642+00', '2026-02-01 08:52:07.332642+00', NULL, NULL, '502c0cb4-7383-4823-a2d0-c81004358efd') ON CONFLICT DO NOTHING;
INSERT INTO public.positions (id, user_id, type, name, currency, category_id, archived_at, created_at, updated_at, description, domain_id, symbol_id) VALUES ('898b2fea-896b-4041-805c-feeec5f02dcd', 'f7e710c7-2e9c-4925-a8d8-6a13def5fe41', 'asset', 'SPDR Gold Trust', 'USD', 'commodities', NULL, '2026-02-01 08:52:07.85968+00', '2026-02-01 08:52:07.85968+00', NULL, NULL, '0a687a82-1a20-4fb3-93b9-ac334f1e2249') ON CONFLICT DO NOTHING;
INSERT INTO public.positions (id, user_id, type, name, currency, category_id, archived_at, created_at, updated_at, description, domain_id, symbol_id) VALUES ('44350b6e-5277-4f49-a287-4bf702d7fd3f', 'f7e710c7-2e9c-4925-a8d8-6a13def5fe41', 'asset', 'Private Equity Fund', 'USD', 'other', NULL, '2026-02-01 08:52:07.949201+00', '2026-02-01 08:52:07.949201+00', NULL, NULL, NULL) ON CONFLICT DO NOTHING;
INSERT INTO public.portfolio_records (id, user_id, position_id, type, date, quantity, unit_value, description, created_at, updated_at) VALUES ('8ce3dc9e-211c-4064-8c2b-6a9026a8e458', 'f7e710c7-2e9c-4925-a8d8-6a13def5fe41', '48621b08-2009-4c7e-aee4-bec4e0a9eecd', 'buy', '2022-01-01', 26.42, 575.05, 'Added on dip', '2026-02-01 08:52:29.945048+00', '2026-02-01 08:52:29.945048+00') ON CONFLICT DO NOTHING;
INSERT INTO public.portfolio_records (id, user_id, position_id, type, date, quantity, unit_value, description, created_at, updated_at) VALUES ('1562105e-25ef-4e09-be30-f2365a35939c', 'f7e710c7-2e9c-4925-a8d8-6a13def5fe41', 'e4c8fce4-641a-4267-a605-53d525ff7cf3', 'buy', '2022-01-03', 783.54, 0.9481, 'Initial buy', '2026-02-01 08:52:29.945048+00', '2026-02-01 08:52:29.945048+00') ON CONFLICT DO NOTHING;
INSERT INTO public.portfolio_records (id, user_id, position_id, type, date, quantity, unit_value, description, created_at, updated_at) VALUES ('fbf19218-5775-48c1-8bf2-bf9c9ea215f2', 'f7e710c7-2e9c-4925-a8d8-6a13def5fe41', 'e4c8fce4-641a-4267-a605-53d525ff7cf3', 'buy', '2022-01-06', 1205.87, 0.9637, 'Top-up', '2026-02-01 08:52:29.945048+00', '2026-02-01 08:52:29.945048+00') ON CONFLICT DO NOTHING;
INSERT INTO public.portfolio_records (id, user_id, position_id, type, date, quantity, unit_value, description, created_at, updated_at) VALUES ('5a3e1659-0b04-4126-85ec-f7ecf0f4d9cf', 'f7e710c7-2e9c-4925-a8d8-6a13def5fe41', 'fddf0cc4-7c0e-45d7-baf2-60f39b70f0f7', 'buy', '2022-01-10', 1.31, 7265.68, 'Top-up', '2026-02-01 08:52:29.945048+00', '2026-02-01 08:52:29.945048+00') ON CONFLICT DO NOTHING;
INSERT INTO public.portfolio_records (id, user_id, position_id, type, date, quantity, unit_value, description, created_at, updated_at) VALUES ('89d26d80-f118-41cc-ab93-a8250708f3ff', 'f7e710c7-2e9c-4925-a8d8-6a13def5fe41', '48621b08-2009-4c7e-aee4-bec4e0a9eecd', 'buy', '2022-01-12', 9.53, 538.65, 'Initial buy', '2026-02-01 08:52:29.945048+00', '2026-02-01 08:52:29.945048+00') ON CONFLICT DO NOTHING;
INSERT INTO public.portfolio_records (id, user_id, position_id, type, date, quantity, unit_value, description, created_at, updated_at) VALUES ('6533b779-658e-4878-b522-34b66d017940', 'f7e710c7-2e9c-4925-a8d8-6a13def5fe41', '6ee6ecd1-001a-4541-9de1-86182cb0b3fa', 'update', '2022-01-31', 1, 241355.27, 'Valuation update', '2026-02-01 08:52:29.945048+00', '2026-02-01 08:52:29.945048+00') ON CONFLICT DO NOTHING;
INSERT INTO public.portfolio_records (id, user_id, position_id, type, date, quantity, unit_value, description, created_at, updated_at) VALUES ('f6f52cdf-74ac-4328-adf5-b8383a258357', 'f7e710c7-2e9c-4925-a8d8-6a13def5fe41', '4b0f79d8-88d3-45e9-8b78-b1c0efe9ced6', 'buy', '2022-02-24', 6.25, 259.78, 'Initial buy', '2026-02-01 08:52:29.945048+00', '2026-02-01 08:52:29.945048+00') ON CONFLICT DO NOTHING;
INSERT INTO public.portfolio_records (id, user_id, position_id, type, date, quantity, unit_value, description, created_at, updated_at) VALUES ('0447d0f8-466a-4b77-b1c3-4de071c9750b', 'f7e710c7-2e9c-4925-a8d8-6a13def5fe41', '8a351b96-72e1-400f-bfa3-144ecb909231', 'buy', '2022-02-27', 0.2474, 1561.84, 'Portfolio rebalance buy', '2026-02-01 08:52:29.945048+00', '2026-02-01 08:52:29.945048+00') ON CONFLICT DO NOTHING;
INSERT INTO public.portfolio_records (id, user_id, position_id, type, date, quantity, unit_value, description, created_at, updated_at) VALUES ('7487ee05-5268-41f8-a5e9-66ae292d82e1', 'f7e710c7-2e9c-4925-a8d8-6a13def5fe41', '4a962e75-0785-4e85-b365-6ca88db8a07e', 'buy', '2022-03-04', 3.44, 319, 'Accumulation', '2026-02-01 08:52:29.945048+00', '2026-02-01 08:52:29.945048+00') ON CONFLICT DO NOTHING;
INSERT INTO public.portfolio_records (id, user_id, position_id, type, date, quantity, unit_value, description, created_at, updated_at) VALUES ('b0ea5a8b-fbec-4b83-bae8-11300789f242', 'f7e710c7-2e9c-4925-a8d8-6a13def5fe41', '3f273f7e-b950-457c-96f3-8964e4e60c1d', 'buy', '2022-03-09', 11.23, 115.45, 'Portfolio rebalance buy', '2026-02-01 08:52:29.945048+00', '2026-02-01 08:52:29.945048+00') ON CONFLICT DO NOTHING;
INSERT INTO public.portfolio_records (id, user_id, position_id, type, date, quantity, unit_value, description, created_at, updated_at) VALUES ('53f6207b-2c16-4471-a27e-96b6ccf2b756', 'f7e710c7-2e9c-4925-a8d8-6a13def5fe41', '8a351b96-72e1-400f-bfa3-144ecb909231', 'buy', '2022-03-29', 0.6221, 1937.52, 'Initial buy', '2026-02-01 08:52:29.945048+00', '2026-02-01 08:52:29.945048+00') ON CONFLICT DO NOTHING;
INSERT INTO public.portfolio_records (id, user_id, position_id, type, date, quantity, unit_value, description, created_at, updated_at) VALUES ('0ed36cb0-19e6-4252-9fe0-8bc2998f6d98', 'f7e710c7-2e9c-4925-a8d8-6a13def5fe41', '44350b6e-5277-4f49-a287-4bf702d7fd3f', 'update', '2022-06-21', 1, 19270.11, 'Valuation update', '2026-02-01 08:52:29.945048+00', '2026-02-01 08:52:29.945048+00') ON CONFLICT DO NOTHING;
INSERT INTO public.portfolio_records (id, user_id, position_id, type, date, quantity, unit_value, description, created_at, updated_at) VALUES ('9cf4c1a4-cf9e-4fe8-ac0c-1a830315b619', 'f7e710c7-2e9c-4925-a8d8-6a13def5fe41', '6ee6ecd1-001a-4541-9de1-86182cb0b3fa', 'update', '2022-06-27', 1, 254446.99, 'Valuation update', '2026-02-01 08:52:29.945048+00', '2026-02-01 08:52:29.945048+00') ON CONFLICT DO NOTHING;
INSERT INTO public.portfolio_records (id, user_id, position_id, type, date, quantity, unit_value, description, created_at, updated_at) VALUES ('509c0ede-8bf2-45e7-ba42-ee94d725f18f', 'f7e710c7-2e9c-4925-a8d8-6a13def5fe41', 'e4c8fce4-641a-4267-a605-53d525ff7cf3', 'buy', '2022-07-08', 1275.19, 0.9778, 'Portfolio rebalance buy', '2026-02-01 08:52:29.945048+00', '2026-02-01 08:52:29.945048+00') ON CONFLICT DO NOTHING;
INSERT INTO public.portfolio_records (id, user_id, position_id, type, date, quantity, unit_value, description, created_at, updated_at) VALUES ('8c3cebd9-eb39-4935-96f6-4db0c7ca3bae', 'f7e710c7-2e9c-4925-a8d8-6a13def5fe41', '783a1cd3-d79b-4932-882f-580ae323adb4', 'update', '2022-08-15', 22940.3, 1, 'Balance update', '2026-02-01 08:52:29.945048+00', '2026-02-01 08:52:29.945048+00') ON CONFLICT DO NOTHING;
INSERT INTO public.portfolio_records (id, user_id, position_id, type, date, quantity, unit_value, description, created_at, updated_at) VALUES ('1ae65184-7405-49ae-bffc-582cff610713', 'f7e710c7-2e9c-4925-a8d8-6a13def5fe41', 'd7d82192-5595-44b2-9042-1f4e889b198d', 'buy', '2022-09-08', 0.0093, 96774.25, 'Initial buy', '2026-02-01 08:52:29.945048+00', '2026-02-01 08:52:29.945048+00') ON CONFLICT DO NOTHING;
INSERT INTO public.portfolio_records (id, user_id, position_id, type, date, quantity, unit_value, description, created_at, updated_at) VALUES ('e25de1ed-5b62-449d-8396-3b03260fd72c', 'f7e710c7-2e9c-4925-a8d8-6a13def5fe41', '6ee6ecd1-001a-4541-9de1-86182cb0b3fa', 'update', '2022-11-19', 1, 247058.54, 'Valuation update', '2026-02-01 08:52:29.945048+00', '2026-02-01 08:52:29.945048+00') ON CONFLICT DO NOTHING;
INSERT INTO public.portfolio_records (id, user_id, position_id, type, date, quantity, unit_value, description, created_at, updated_at) VALUES ('2b3755c7-8354-4870-be62-a1ee5ec1676e', 'f7e710c7-2e9c-4925-a8d8-6a13def5fe41', '48621b08-2009-4c7e-aee4-bec4e0a9eecd', 'buy', '2022-11-19', 3.99, 546.37, 'Monthly DCA', '2026-02-01 08:52:29.945048+00', '2026-02-01 08:52:29.945048+00') ON CONFLICT DO NOTHING;
INSERT INTO public.portfolio_records (id, user_id, position_id, type, date, quantity, unit_value, description, created_at, updated_at) VALUES ('94540c78-fd4b-4fd3-b43f-a50145888b62', 'f7e710c7-2e9c-4925-a8d8-6a13def5fe41', 'fddf0cc4-7c0e-45d7-baf2-60f39b70f0f7', 'buy', '2022-12-19', 3.75, 6653.2, 'Accumulation', '2026-02-01 08:52:29.945048+00', '2026-02-01 08:52:29.945048+00') ON CONFLICT DO NOTHING;
INSERT INTO public.portfolio_records (id, user_id, position_id, type, date, quantity, unit_value, description, created_at, updated_at) VALUES ('7da0fa5d-c81b-4d33-9b72-cf8df33892c5', 'f7e710c7-2e9c-4925-a8d8-6a13def5fe41', '44350b6e-5277-4f49-a287-4bf702d7fd3f', 'update', '2022-12-21', 1, 19851.95, 'Valuation update', '2026-02-01 08:52:29.945048+00', '2026-02-01 08:52:29.945048+00') ON CONFLICT DO NOTHING;
INSERT INTO public.portfolio_records (id, user_id, position_id, type, date, quantity, unit_value, description, created_at, updated_at) VALUES ('aba16c90-7d9e-404a-bff8-6e65b8415957', 'f7e710c7-2e9c-4925-a8d8-6a13def5fe41', 'd7d82192-5595-44b2-9042-1f4e889b198d', 'sell', '2023-01-08', 0.0093, 76584.97, 'Closed initial lot', '2026-02-01 08:52:29.945048+00', '2026-02-01 08:52:29.945048+00') ON CONFLICT DO NOTHING;
INSERT INTO public.portfolio_records (id, user_id, position_id, type, date, quantity, unit_value, description, created_at, updated_at) VALUES ('b94eaf12-e3a1-4b18-bc61-3f14e1e66d19', 'f7e710c7-2e9c-4925-a8d8-6a13def5fe41', '8a351b96-72e1-400f-bfa3-144ecb909231', 'buy', '2023-01-11', 0.5455, 2419.27, 'Portfolio rebalance buy', '2026-02-01 08:52:29.945048+00', '2026-02-01 08:52:29.945048+00') ON CONFLICT DO NOTHING;
INSERT INTO public.portfolio_records (id, user_id, position_id, type, date, quantity, unit_value, description, created_at, updated_at) VALUES ('6c578193-e328-4d59-b4d0-77e703020f56', 'f7e710c7-2e9c-4925-a8d8-6a13def5fe41', '6ee6ecd1-001a-4541-9de1-86182cb0b3fa', 'update', '2023-01-17', 1, 258195.57, 'Valuation update', '2026-02-01 08:52:29.945048+00', '2026-02-01 08:52:29.945048+00') ON CONFLICT DO NOTHING;
INSERT INTO public.portfolio_records (id, user_id, position_id, type, date, quantity, unit_value, description, created_at, updated_at) VALUES ('8b5a61fe-a44e-48c1-97f0-a8e947f23fa9', 'f7e710c7-2e9c-4925-a8d8-6a13def5fe41', '3f273f7e-b950-457c-96f3-8964e4e60c1d', 'buy', '2023-01-20', 1.93, 127.2, 'Initial buy', '2026-02-01 08:52:29.945048+00', '2026-02-01 08:52:29.945048+00') ON CONFLICT DO NOTHING;
INSERT INTO public.portfolio_records (id, user_id, position_id, type, date, quantity, unit_value, description, created_at, updated_at) VALUES ('b6a5658f-8228-46f8-b01b-76892dd26a2c', 'f7e710c7-2e9c-4925-a8d8-6a13def5fe41', 'fddf0cc4-7c0e-45d7-baf2-60f39b70f0f7', 'buy', '2023-01-28', 4.39, 5977.81, 'Added on dip', '2026-02-01 08:52:29.945048+00', '2026-02-01 08:52:29.945048+00') ON CONFLICT DO NOTHING;
INSERT INTO public.portfolio_records (id, user_id, position_id, type, date, quantity, unit_value, description, created_at, updated_at) VALUES ('cacab09b-2c40-451b-9bb8-c0be09c58091', 'f7e710c7-2e9c-4925-a8d8-6a13def5fe41', '898b2fea-896b-4041-805c-feeec5f02dcd', 'buy', '2023-02-06', 3.33, 173.59, 'Portfolio rebalance buy', '2026-02-01 08:52:29.945048+00', '2026-02-01 08:52:29.945048+00') ON CONFLICT DO NOTHING;
INSERT INTO public.portfolio_records (id, user_id, position_id, type, date, quantity, unit_value, description, created_at, updated_at) VALUES ('c0980f16-0577-4a78-a4a2-26513ef6c953', 'f7e710c7-2e9c-4925-a8d8-6a13def5fe41', '48621b08-2009-4c7e-aee4-bec4e0a9eecd', 'buy', '2023-03-13', 22.3, 485.75, 'Added on dip', '2026-02-01 08:52:29.945048+00', '2026-02-01 08:52:29.945048+00') ON CONFLICT DO NOTHING;
INSERT INTO public.portfolio_records (id, user_id, position_id, type, date, quantity, unit_value, description, created_at, updated_at) VALUES ('c220586a-d1e8-4c1d-bc47-4b478bc706ca', 'f7e710c7-2e9c-4925-a8d8-6a13def5fe41', '4852f410-ea7b-40fd-88a2-8f04ec6a0a5a', 'buy', '2023-03-18', 2134.77, 0.9807, 'Accumulation', '2026-02-01 08:52:29.945048+00', '2026-02-01 08:52:29.945048+00') ON CONFLICT DO NOTHING;
INSERT INTO public.portfolio_records (id, user_id, position_id, type, date, quantity, unit_value, description, created_at, updated_at) VALUES ('4c7f81b2-fc7d-400a-9707-148846dc3101', 'f7e710c7-2e9c-4925-a8d8-6a13def5fe41', '4852f410-ea7b-40fd-88a2-8f04ec6a0a5a', 'sell', '2023-03-19', 0, 0.9824, 'Partial exit', '2026-02-01 08:52:29.945048+00', '2026-02-01 08:52:29.945048+00') ON CONFLICT DO NOTHING;
INSERT INTO public.portfolio_records (id, user_id, position_id, type, date, quantity, unit_value, description, created_at, updated_at) VALUES ('5a1bed3f-5764-4cba-9e66-45e5b611b094', 'f7e710c7-2e9c-4925-a8d8-6a13def5fe41', '8bc59f8d-62a7-40e1-9cc8-e7647e6a1c4c', 'update', '2023-03-24', 37478.22, 1, 'Balance update', '2026-02-01 08:52:29.945048+00', '2026-02-01 08:52:29.945048+00') ON CONFLICT DO NOTHING;
INSERT INTO public.portfolio_records (id, user_id, position_id, type, date, quantity, unit_value, description, created_at, updated_at) VALUES ('c1d6f8b4-1f33-40bb-9f39-44a204be452e', 'f7e710c7-2e9c-4925-a8d8-6a13def5fe41', '6ee6ecd1-001a-4541-9de1-86182cb0b3fa', 'update', '2023-03-31', 1, 259209.66, 'Valuation update', '2026-02-01 08:52:29.945048+00', '2026-02-01 08:52:29.945048+00') ON CONFLICT DO NOTHING;
INSERT INTO public.portfolio_records (id, user_id, position_id, type, date, quantity, unit_value, description, created_at, updated_at) VALUES ('560dd873-eeed-4d85-b1d5-ecc8e4650ef1', 'f7e710c7-2e9c-4925-a8d8-6a13def5fe41', '4a962e75-0785-4e85-b365-6ca88db8a07e', 'buy', '2023-04-13', 0.95, 333.89, 'Top-up', '2026-02-01 08:52:29.945048+00', '2026-02-01 08:52:29.945048+00') ON CONFLICT DO NOTHING;
INSERT INTO public.portfolio_records (id, user_id, position_id, type, date, quantity, unit_value, description, created_at, updated_at) VALUES ('87055037-12c0-432a-81a8-d5522f854c7c', 'f7e710c7-2e9c-4925-a8d8-6a13def5fe41', '4a962e75-0785-4e85-b365-6ca88db8a07e', 'buy', '2023-04-22', 4.61, 384.85, 'Accumulation', '2026-02-01 08:52:29.945048+00', '2026-02-01 08:52:29.945048+00') ON CONFLICT DO NOTHING;
INSERT INTO public.portfolio_records (id, user_id, position_id, type, date, quantity, unit_value, description, created_at, updated_at) VALUES ('55c6b6a4-6c73-4277-9515-4b0525608f9a', 'f7e710c7-2e9c-4925-a8d8-6a13def5fe41', '8a351b96-72e1-400f-bfa3-144ecb909231', 'buy', '2023-05-08', 0.2079, 2989.81, 'Top-up', '2026-02-01 08:52:29.945048+00', '2026-02-01 08:52:29.945048+00') ON CONFLICT DO NOTHING;
INSERT INTO public.portfolio_records (id, user_id, position_id, type, date, quantity, unit_value, description, created_at, updated_at) VALUES ('24ea7d9f-69b8-49ae-bd8f-8d9da7f7c13c', 'f7e710c7-2e9c-4925-a8d8-6a13def5fe41', '898b2fea-896b-4041-805c-feeec5f02dcd', 'buy', '2023-05-11', 1.18, 220.3, 'Monthly DCA', '2026-02-01 08:52:29.945048+00', '2026-02-01 08:52:29.945048+00') ON CONFLICT DO NOTHING;
INSERT INTO public.portfolio_records (id, user_id, position_id, type, date, quantity, unit_value, description, created_at, updated_at) VALUES ('33691a3c-ab37-4e9a-a212-8515038e7c57', 'f7e710c7-2e9c-4925-a8d8-6a13def5fe41', '6ee6ecd1-001a-4541-9de1-86182cb0b3fa', 'update', '2023-05-28', 1, 267958.45, 'Valuation update', '2026-02-01 08:52:29.945048+00', '2026-02-01 08:52:29.945048+00') ON CONFLICT DO NOTHING;
INSERT INTO public.portfolio_records (id, user_id, position_id, type, date, quantity, unit_value, description, created_at, updated_at) VALUES ('caa5bd98-fbe6-4672-ab7d-f412e145f5f9', 'f7e710c7-2e9c-4925-a8d8-6a13def5fe41', 'e4c8fce4-641a-4267-a605-53d525ff7cf3', 'buy', '2023-06-01', 193.43, 0.9787, 'Initial buy', '2026-02-01 08:52:29.945048+00', '2026-02-01 08:52:29.945048+00') ON CONFLICT DO NOTHING;
INSERT INTO public.portfolio_records (id, user_id, position_id, type, date, quantity, unit_value, description, created_at, updated_at) VALUES ('8ff88b09-0ba6-460b-9cfc-57a2098023ab', 'f7e710c7-2e9c-4925-a8d8-6a13def5fe41', '48621b08-2009-4c7e-aee4-bec4e0a9eecd', 'buy', '2023-06-12', 75.5, 597.47, 'Added on dip', '2026-02-01 08:52:29.945048+00', '2026-02-01 08:52:29.945048+00') ON CONFLICT DO NOTHING;
INSERT INTO public.portfolio_records (id, user_id, position_id, type, date, quantity, unit_value, description, created_at, updated_at) VALUES ('baf64c1b-3544-407c-a2d3-4342110bd444', 'f7e710c7-2e9c-4925-a8d8-6a13def5fe41', '48621b08-2009-4c7e-aee4-bec4e0a9eecd', 'buy', '2023-06-13', 11.14, 549.68, 'Portfolio rebalance buy', '2026-02-01 08:52:29.945048+00', '2026-02-01 08:52:29.945048+00') ON CONFLICT DO NOTHING;
INSERT INTO public.portfolio_records (id, user_id, position_id, type, date, quantity, unit_value, description, created_at, updated_at) VALUES ('bc0d1d73-11ca-41bb-81f2-3c0d6210d306', 'f7e710c7-2e9c-4925-a8d8-6a13def5fe41', '44350b6e-5277-4f49-a287-4bf702d7fd3f', 'update', '2023-06-15', 1, 20365.31, 'Valuation update', '2026-02-01 08:52:29.945048+00', '2026-02-01 08:52:29.945048+00') ON CONFLICT DO NOTHING;
INSERT INTO public.portfolio_records (id, user_id, position_id, type, date, quantity, unit_value, description, created_at, updated_at) VALUES ('d2e8f8aa-bf30-4156-b060-f4524d562333', 'f7e710c7-2e9c-4925-a8d8-6a13def5fe41', 'fddf0cc4-7c0e-45d7-baf2-60f39b70f0f7', 'buy', '2023-06-26', 2.25, 6353.75, 'Top-up', '2026-02-01 08:52:29.945048+00', '2026-02-01 08:52:29.945048+00') ON CONFLICT DO NOTHING;
INSERT INTO public.portfolio_records (id, user_id, position_id, type, date, quantity, unit_value, description, created_at, updated_at) VALUES ('1d596c4f-c3ce-4b8f-ab42-4595a71e9b6f', 'f7e710c7-2e9c-4925-a8d8-6a13def5fe41', '4a962e75-0785-4e85-b365-6ca88db8a07e', 'buy', '2023-07-01', 1.49, 463.98, 'Portfolio rebalance buy', '2026-02-01 08:52:29.945048+00', '2026-02-01 08:52:29.945048+00') ON CONFLICT DO NOTHING;
INSERT INTO public.portfolio_records (id, user_id, position_id, type, date, quantity, unit_value, description, created_at, updated_at) VALUES ('1459dacf-51e9-4492-bad4-37d3302e3d1c', 'f7e710c7-2e9c-4925-a8d8-6a13def5fe41', '6ee6ecd1-001a-4541-9de1-86182cb0b3fa', 'update', '2023-07-29', 1, 265700.11, 'Valuation update', '2026-02-01 08:52:29.945048+00', '2026-02-01 08:52:29.945048+00') ON CONFLICT DO NOTHING;
INSERT INTO public.portfolio_records (id, user_id, position_id, type, date, quantity, unit_value, description, created_at, updated_at) VALUES ('5ad1d231-b669-4e7f-860a-15706b117bca', 'f7e710c7-2e9c-4925-a8d8-6a13def5fe41', 'fddf0cc4-7c0e-45d7-baf2-60f39b70f0f7', 'buy', '2023-07-30', 8.67, 6988.56, 'Portfolio rebalance buy', '2026-02-01 08:52:29.945048+00', '2026-02-01 08:52:29.945048+00') ON CONFLICT DO NOTHING;
INSERT INTO public.portfolio_records (id, user_id, position_id, type, date, quantity, unit_value, description, created_at, updated_at) VALUES ('38de5469-f9e5-49c6-8977-8fb5b8461753', 'f7e710c7-2e9c-4925-a8d8-6a13def5fe41', '8bc59f8d-62a7-40e1-9cc8-e7647e6a1c4c', 'update', '2023-08-04', 34812.61, 1, 'Marked to market', '2026-02-01 08:52:29.945048+00', '2026-02-01 08:52:29.945048+00') ON CONFLICT DO NOTHING;
INSERT INTO public.portfolio_records (id, user_id, position_id, type, date, quantity, unit_value, description, created_at, updated_at) VALUES ('3d66a3cd-8559-46c0-944d-86ae4b18eea7', 'f7e710c7-2e9c-4925-a8d8-6a13def5fe41', '4852f410-ea7b-40fd-88a2-8f04ec6a0a5a', 'buy', '2023-08-18', 1360.54, 0.9691, 'Added on dip', '2026-02-01 08:52:29.945048+00', '2026-02-01 08:52:29.945048+00') ON CONFLICT DO NOTHING;
INSERT INTO public.portfolio_records (id, user_id, position_id, type, date, quantity, unit_value, description, created_at, updated_at) VALUES ('1005dd0f-ec63-46d0-8ea9-b62eea171814', 'f7e710c7-2e9c-4925-a8d8-6a13def5fe41', '4a962e75-0785-4e85-b365-6ca88db8a07e', 'buy', '2023-08-26', 2.48, 518.82, 'Accumulation', '2026-02-01 08:52:29.945048+00', '2026-02-01 08:52:29.945048+00') ON CONFLICT DO NOTHING;
INSERT INTO public.portfolio_records (id, user_id, position_id, type, date, quantity, unit_value, description, created_at, updated_at) VALUES ('eac1a8d2-143b-4aba-bf8b-d137eb18533b', 'f7e710c7-2e9c-4925-a8d8-6a13def5fe41', '6ee6ecd1-001a-4541-9de1-86182cb0b3fa', 'update', '2023-08-29', 1, 278625.7, 'Valuation update', '2026-02-01 08:52:29.945048+00', '2026-02-01 08:52:29.945048+00') ON CONFLICT DO NOTHING;
INSERT INTO public.portfolio_records (id, user_id, position_id, type, date, quantity, unit_value, description, created_at, updated_at) VALUES ('686f3ed2-b42d-4124-8572-ee610cbe7b5e', 'f7e710c7-2e9c-4925-a8d8-6a13def5fe41', '48621b08-2009-4c7e-aee4-bec4e0a9eecd', 'buy', '2023-09-03', 16.22, 499.86, 'Top-up', '2026-02-01 08:52:29.945048+00', '2026-02-01 08:52:29.945048+00') ON CONFLICT DO NOTHING;
INSERT INTO public.portfolio_records (id, user_id, position_id, type, date, quantity, unit_value, description, created_at, updated_at) VALUES ('d08ff066-17e0-49cd-be9c-11662aaf49da', 'f7e710c7-2e9c-4925-a8d8-6a13def5fe41', '8bc59f8d-62a7-40e1-9cc8-e7647e6a1c4c', 'update', '2023-09-04', 34521.38, 1, 'Valuation update', '2026-02-01 08:52:29.945048+00', '2026-02-01 08:52:29.945048+00') ON CONFLICT DO NOTHING;
INSERT INTO public.portfolio_records (id, user_id, position_id, type, date, quantity, unit_value, description, created_at, updated_at) VALUES ('ce55f5ff-5f8c-409a-8c2d-d7759caf8576', 'f7e710c7-2e9c-4925-a8d8-6a13def5fe41', 'a93bb7de-264e-46b7-8af0-70eaa34b96dc', 'buy', '2023-09-06', 11.48, 103.89, 'Initial buy', '2026-02-01 08:52:29.945048+00', '2026-02-01 08:52:29.945048+00') ON CONFLICT DO NOTHING;
INSERT INTO public.portfolio_records (id, user_id, position_id, type, date, quantity, unit_value, description, created_at, updated_at) VALUES ('8039e2b0-12f6-4e24-bb66-d11256fb3cda', 'f7e710c7-2e9c-4925-a8d8-6a13def5fe41', 'd7d82192-5595-44b2-9042-1f4e889b198d', 'buy', '2023-09-16', 0.035, 90757.46, 'Added on dip', '2026-02-01 08:52:29.945048+00', '2026-02-01 08:52:29.945048+00') ON CONFLICT DO NOTHING;
INSERT INTO public.portfolio_records (id, user_id, position_id, type, date, quantity, unit_value, description, created_at, updated_at) VALUES ('a51dbaaa-4204-4b63-b392-0ea1ca79258c', 'f7e710c7-2e9c-4925-a8d8-6a13def5fe41', '6ee6ecd1-001a-4541-9de1-86182cb0b3fa', 'update', '2023-09-29', 1, 279434.81, 'Valuation update', '2026-02-01 08:52:29.945048+00', '2026-02-01 08:52:29.945048+00') ON CONFLICT DO NOTHING;
INSERT INTO public.portfolio_records (id, user_id, position_id, type, date, quantity, unit_value, description, created_at, updated_at) VALUES ('f8dd4a8d-1441-447e-aa2e-acadd40c3e31', 'f7e710c7-2e9c-4925-a8d8-6a13def5fe41', 'e4c8fce4-641a-4267-a605-53d525ff7cf3', 'buy', '2023-10-01', 707.32, 0.9864, 'Initial buy', '2026-02-01 08:52:29.945048+00', '2026-02-01 08:52:29.945048+00') ON CONFLICT DO NOTHING;
INSERT INTO public.portfolio_records (id, user_id, position_id, type, date, quantity, unit_value, description, created_at, updated_at) VALUES ('0543cabc-9789-442a-b811-1aae0f0d9533', 'f7e710c7-2e9c-4925-a8d8-6a13def5fe41', '8a351b96-72e1-400f-bfa3-144ecb909231', 'sell', '2023-10-15', 0.1849, 2688.15, 'Trimmed position', '2026-02-01 08:52:29.945048+00', '2026-02-01 08:52:29.945048+00') ON CONFLICT DO NOTHING;
INSERT INTO public.portfolio_records (id, user_id, position_id, type, date, quantity, unit_value, description, created_at, updated_at) VALUES ('4dea311f-b855-49aa-a715-b174ac2555c4', 'f7e710c7-2e9c-4925-a8d8-6a13def5fe41', 'fddf0cc4-7c0e-45d7-baf2-60f39b70f0f7', 'sell', '2023-10-15', 15.79, 6198.3, 'Trimmed position', '2026-02-01 08:52:29.945048+00', '2026-02-01 08:52:29.945048+00') ON CONFLICT DO NOTHING;
INSERT INTO public.portfolio_records (id, user_id, position_id, type, date, quantity, unit_value, description, created_at, updated_at) VALUES ('d6282336-e14d-46b7-9374-a10118afbdb9', 'f7e710c7-2e9c-4925-a8d8-6a13def5fe41', 'fddf0cc4-7c0e-45d7-baf2-60f39b70f0f7', 'buy', '2023-10-27', 1.51, 6476.96, 'Initial buy', '2026-02-01 08:52:29.945048+00', '2026-02-01 08:52:29.945048+00') ON CONFLICT DO NOTHING;
INSERT INTO public.portfolio_records (id, user_id, position_id, type, date, quantity, unit_value, description, created_at, updated_at) VALUES ('cd7fec25-52e4-4eb1-8dbd-446c4f8e0845', 'f7e710c7-2e9c-4925-a8d8-6a13def5fe41', '6ee6ecd1-001a-4541-9de1-86182cb0b3fa', 'update', '2023-10-28', 1, 280310.89, 'Valuation update', '2026-02-01 08:52:29.945048+00', '2026-02-01 08:52:29.945048+00') ON CONFLICT DO NOTHING;
INSERT INTO public.portfolio_records (id, user_id, position_id, type, date, quantity, unit_value, description, created_at, updated_at) VALUES ('dc4b78c2-8345-48ce-98f6-87a9debb6fb4', 'f7e710c7-2e9c-4925-a8d8-6a13def5fe41', 'a93bb7de-264e-46b7-8af0-70eaa34b96dc', 'buy', '2023-11-03', 1.67, 109.31, 'Added on dip', '2026-02-01 08:52:29.945048+00', '2026-02-01 08:52:29.945048+00') ON CONFLICT DO NOTHING;
INSERT INTO public.portfolio_records (id, user_id, position_id, type, date, quantity, unit_value, description, created_at, updated_at) VALUES ('8c770f1c-1d40-486d-a049-2cc8c334a108', 'f7e710c7-2e9c-4925-a8d8-6a13def5fe41', '4b0f79d8-88d3-45e9-8b78-b1c0efe9ced6', 'buy', '2023-11-17', 0.99, 325.71, 'Portfolio rebalance buy', '2026-02-01 08:52:29.945048+00', '2026-02-01 08:52:29.945048+00') ON CONFLICT DO NOTHING;
INSERT INTO public.portfolio_records (id, user_id, position_id, type, date, quantity, unit_value, description, created_at, updated_at) VALUES ('ae296ec5-8d99-49a5-b3ff-f2ba47e50ceb', 'f7e710c7-2e9c-4925-a8d8-6a13def5fe41', 'e4c8fce4-641a-4267-a605-53d525ff7cf3', 'sell', '2023-11-29', 165.36, 0.9902, 'Trimmed position', '2026-02-01 08:52:29.945048+00', '2026-02-01 08:52:29.945048+00') ON CONFLICT DO NOTHING;
INSERT INTO public.portfolio_records (id, user_id, position_id, type, date, quantity, unit_value, description, created_at, updated_at) VALUES ('0e7a26d1-d1d3-400e-bd7f-f4aa7728f919', 'f7e710c7-2e9c-4925-a8d8-6a13def5fe41', '44350b6e-5277-4f49-a287-4bf702d7fd3f', 'update', '2023-12-15', 1, 19514.87, 'Valuation update', '2026-02-01 08:52:29.945048+00', '2026-02-01 08:52:29.945048+00') ON CONFLICT DO NOTHING;
INSERT INTO public.portfolio_records (id, user_id, position_id, type, date, quantity, unit_value, description, created_at, updated_at) VALUES ('25f4fe2d-af50-43d3-a283-60b8e4f8842c', 'f7e710c7-2e9c-4925-a8d8-6a13def5fe41', '48621b08-2009-4c7e-aee4-bec4e0a9eecd', 'buy', '2023-12-28', 2.57, 514.71, 'Monthly DCA', '2026-02-01 08:52:29.945048+00', '2026-02-01 08:52:29.945048+00') ON CONFLICT DO NOTHING;
INSERT INTO public.portfolio_records (id, user_id, position_id, type, date, quantity, unit_value, description, created_at, updated_at) VALUES ('5a047401-438e-42cd-b809-6dc576370d96', 'f7e710c7-2e9c-4925-a8d8-6a13def5fe41', '6ee6ecd1-001a-4541-9de1-86182cb0b3fa', 'update', '2024-01-13', 1, 280437.62, 'Valuation update', '2026-02-01 08:52:29.945048+00', '2026-02-01 08:52:29.945048+00') ON CONFLICT DO NOTHING;
INSERT INTO public.portfolio_records (id, user_id, position_id, type, date, quantity, unit_value, description, created_at, updated_at) VALUES ('f611eacc-7b41-48f2-bbba-d1a340766b27', 'f7e710c7-2e9c-4925-a8d8-6a13def5fe41', '6ee6ecd1-001a-4541-9de1-86182cb0b3fa', 'update', '2024-01-28', 1, 289255.32, 'Valuation update', '2026-02-01 08:52:29.945048+00', '2026-02-01 08:52:29.945048+00') ON CONFLICT DO NOTHING;
INSERT INTO public.portfolio_records (id, user_id, position_id, type, date, quantity, unit_value, description, created_at, updated_at) VALUES ('9a947a1d-b971-40ff-b55b-d708f697a4c6', 'f7e710c7-2e9c-4925-a8d8-6a13def5fe41', 'd7d82192-5595-44b2-9042-1f4e889b198d', 'buy', '2024-02-01', 0.1475, 78704.62, 'Added on dip', '2026-02-01 08:52:29.945048+00', '2026-02-01 08:52:29.945048+00') ON CONFLICT DO NOTHING;
INSERT INTO public.portfolio_records (id, user_id, position_id, type, date, quantity, unit_value, description, created_at, updated_at) VALUES ('73395694-ab15-4d84-9805-6da7c8b27941', 'f7e710c7-2e9c-4925-a8d8-6a13def5fe41', '6ee6ecd1-001a-4541-9de1-86182cb0b3fa', 'update', '2024-02-02', 1, 283821.58, 'Valuation update', '2026-02-01 08:52:29.945048+00', '2026-02-01 08:52:29.945048+00') ON CONFLICT DO NOTHING;
INSERT INTO public.portfolio_records (id, user_id, position_id, type, date, quantity, unit_value, description, created_at, updated_at) VALUES ('6342a2a8-8100-4741-b065-5f3adede4138', 'f7e710c7-2e9c-4925-a8d8-6a13def5fe41', 'fddf0cc4-7c0e-45d7-baf2-60f39b70f0f7', 'buy', '2024-02-05', 1, 6461.68, 'Portfolio rebalance buy', '2026-02-01 08:52:29.945048+00', '2026-02-01 08:52:29.945048+00') ON CONFLICT DO NOTHING;
INSERT INTO public.portfolio_records (id, user_id, position_id, type, date, quantity, unit_value, description, created_at, updated_at) VALUES ('a6baccbf-c104-4e76-870c-f6e64a13414e', 'f7e710c7-2e9c-4925-a8d8-6a13def5fe41', 'fddf0cc4-7c0e-45d7-baf2-60f39b70f0f7', 'buy', '2024-02-15', 4.45, 6748.55, 'Added on dip', '2026-02-01 08:52:29.945048+00', '2026-02-01 08:52:29.945048+00') ON CONFLICT DO NOTHING;
INSERT INTO public.portfolio_records (id, user_id, position_id, type, date, quantity, unit_value, description, created_at, updated_at) VALUES ('b334edd9-7e0e-43fa-9473-8444a288f910', 'f7e710c7-2e9c-4925-a8d8-6a13def5fe41', 'fddf0cc4-7c0e-45d7-baf2-60f39b70f0f7', 'buy', '2024-02-18', 16.23, 6057.28, 'Monthly DCA', '2026-02-01 08:52:29.945048+00', '2026-02-01 08:52:29.945048+00') ON CONFLICT DO NOTHING;
INSERT INTO public.portfolio_records (id, user_id, position_id, type, date, quantity, unit_value, description, created_at, updated_at) VALUES ('197cea15-85aa-4268-9f92-ea42d2d06405', 'f7e710c7-2e9c-4925-a8d8-6a13def5fe41', 'fddf0cc4-7c0e-45d7-baf2-60f39b70f0f7', 'buy', '2024-03-04', 16.87, 5308.28, 'Top-up', '2026-02-01 08:52:29.945048+00', '2026-02-01 08:52:29.945048+00') ON CONFLICT DO NOTHING;
INSERT INTO public.portfolio_records (id, user_id, position_id, type, date, quantity, unit_value, description, created_at, updated_at) VALUES ('70624640-b15c-4b88-b572-bb2a7ea88c03', 'f7e710c7-2e9c-4925-a8d8-6a13def5fe41', '4852f410-ea7b-40fd-88a2-8f04ec6a0a5a', 'buy', '2024-03-10', 1306.08, 0.9564, 'Added on dip', '2026-02-01 08:52:29.945048+00', '2026-02-01 08:52:29.945048+00') ON CONFLICT DO NOTHING;
INSERT INTO public.portfolio_records (id, user_id, position_id, type, date, quantity, unit_value, description, created_at, updated_at) VALUES ('af6043d6-5dee-4993-917e-bdff7dae256b', 'f7e710c7-2e9c-4925-a8d8-6a13def5fe41', '48621b08-2009-4c7e-aee4-bec4e0a9eecd', 'sell', '2024-03-31', 22.87, 571.1, 'Reduced exposure', '2026-02-01 08:52:29.945048+00', '2026-02-01 08:52:29.945048+00') ON CONFLICT DO NOTHING;
INSERT INTO public.portfolio_records (id, user_id, position_id, type, date, quantity, unit_value, description, created_at, updated_at) VALUES ('8293c5e0-5ece-4f75-ad74-7c0aad203a65', 'f7e710c7-2e9c-4925-a8d8-6a13def5fe41', 'e4c8fce4-641a-4267-a605-53d525ff7cf3', 'update', '2024-04-11', 4000, 0.9789, 'Marked to market', '2026-02-01 08:52:29.945048+00', '2026-02-01 08:52:29.945048+00') ON CONFLICT DO NOTHING;
INSERT INTO public.portfolio_records (id, user_id, position_id, type, date, quantity, unit_value, description, created_at, updated_at) VALUES ('cfa72ff2-dec1-4c68-b770-580917387255', 'f7e710c7-2e9c-4925-a8d8-6a13def5fe41', '8a351b96-72e1-400f-bfa3-144ecb909231', 'buy', '2024-04-22', 0.962, 2861.96, 'Accumulation', '2026-02-01 08:52:29.945048+00', '2026-02-01 08:52:29.945048+00') ON CONFLICT DO NOTHING;
INSERT INTO public.portfolio_records (id, user_id, position_id, type, date, quantity, unit_value, description, created_at, updated_at) VALUES ('72bdf95c-fb84-46e7-9c16-b7b54c8c0a44', 'f7e710c7-2e9c-4925-a8d8-6a13def5fe41', '6ee6ecd1-001a-4541-9de1-86182cb0b3fa', 'update', '2024-04-25', 1, 295648.37, 'Valuation update', '2026-02-01 08:52:29.945048+00', '2026-02-01 08:52:29.945048+00') ON CONFLICT DO NOTHING;
INSERT INTO public.portfolio_records (id, user_id, position_id, type, date, quantity, unit_value, description, created_at, updated_at) VALUES ('e1999de1-7f20-4a33-8d05-438e07ddfc1d', 'f7e710c7-2e9c-4925-a8d8-6a13def5fe41', '6ee6ecd1-001a-4541-9de1-86182cb0b3fa', 'update', '2024-05-02', 1, 296784.77, 'Valuation update', '2026-02-01 08:52:29.945048+00', '2026-02-01 08:52:29.945048+00') ON CONFLICT DO NOTHING;
INSERT INTO public.portfolio_records (id, user_id, position_id, type, date, quantity, unit_value, description, created_at, updated_at) VALUES ('3321f20d-1137-4fa3-b798-7ff72bae9391', 'f7e710c7-2e9c-4925-a8d8-6a13def5fe41', '783a1cd3-d79b-4932-882f-580ae323adb4', 'update', '2024-05-11', 24301.71, 1, 'Price update', '2026-02-01 08:52:29.945048+00', '2026-02-01 08:52:29.945048+00') ON CONFLICT DO NOTHING;
INSERT INTO public.portfolio_records (id, user_id, position_id, type, date, quantity, unit_value, description, created_at, updated_at) VALUES ('2646ff86-987e-4da9-9585-e9ead76083f1', 'f7e710c7-2e9c-4925-a8d8-6a13def5fe41', '4b0f79d8-88d3-45e9-8b78-b1c0efe9ced6', 'buy', '2024-05-15', 6.92, 271.31, 'Top-up', '2026-02-01 08:52:29.945048+00', '2026-02-01 08:52:29.945048+00') ON CONFLICT DO NOTHING;
INSERT INTO public.portfolio_records (id, user_id, position_id, type, date, quantity, unit_value, description, created_at, updated_at) VALUES ('05935fe5-8c59-4780-9177-4410e38dbf77', 'f7e710c7-2e9c-4925-a8d8-6a13def5fe41', '3f273f7e-b950-457c-96f3-8964e4e60c1d', 'buy', '2024-05-29', 7.43, 167.74, 'Monthly DCA', '2026-02-01 08:52:29.945048+00', '2026-02-01 08:52:29.945048+00') ON CONFLICT DO NOTHING;
INSERT INTO public.portfolio_records (id, user_id, position_id, type, date, quantity, unit_value, description, created_at, updated_at) VALUES ('b6ac192c-b8f0-4752-a806-561595f30a40', 'f7e710c7-2e9c-4925-a8d8-6a13def5fe41', '44350b6e-5277-4f49-a287-4bf702d7fd3f', 'update', '2024-06-03', 1, 19805.55, 'Valuation update', '2026-02-01 08:52:29.945048+00', '2026-02-01 08:52:29.945048+00') ON CONFLICT DO NOTHING;
INSERT INTO public.portfolio_records (id, user_id, position_id, type, date, quantity, unit_value, description, created_at, updated_at) VALUES ('a25dd9eb-40e0-4a23-a449-a8027c0d3f74', 'f7e710c7-2e9c-4925-a8d8-6a13def5fe41', '48621b08-2009-4c7e-aee4-bec4e0a9eecd', 'buy', '2024-06-05', 13.9, 608.43, 'Portfolio rebalance buy', '2026-02-01 08:52:29.945048+00', '2026-02-01 08:52:29.945048+00') ON CONFLICT DO NOTHING;
INSERT INTO public.portfolio_records (id, user_id, position_id, type, date, quantity, unit_value, description, created_at, updated_at) VALUES ('a55d4419-0216-42ad-8220-48a26a27c574', 'f7e710c7-2e9c-4925-a8d8-6a13def5fe41', 'd7d82192-5595-44b2-9042-1f4e889b198d', 'buy', '2024-06-07', 0.0538, 97031.13, 'Added on dip', '2026-02-01 08:52:29.945048+00', '2026-02-01 08:52:29.945048+00') ON CONFLICT DO NOTHING;
INSERT INTO public.portfolio_records (id, user_id, position_id, type, date, quantity, unit_value, description, created_at, updated_at) VALUES ('e07f23f1-4e64-4a21-b10e-5c94e44a5f68', 'f7e710c7-2e9c-4925-a8d8-6a13def5fe41', '4a962e75-0785-4e85-b365-6ca88db8a07e', 'buy', '2024-06-09', 0.95, 543.06, 'Added on dip', '2026-02-01 08:52:29.945048+00', '2026-02-01 08:52:29.945048+00') ON CONFLICT DO NOTHING;
INSERT INTO public.portfolio_records (id, user_id, position_id, type, date, quantity, unit_value, description, created_at, updated_at) VALUES ('99d0f062-1d9c-4c8c-99ac-2b54b729db3e', 'f7e710c7-2e9c-4925-a8d8-6a13def5fe41', 'fddf0cc4-7c0e-45d7-baf2-60f39b70f0f7', 'buy', '2024-06-10', 3.79, 6035.94, 'Monthly DCA', '2026-02-01 08:52:29.945048+00', '2026-02-01 08:52:29.945048+00') ON CONFLICT DO NOTHING;
INSERT INTO public.portfolio_records (id, user_id, position_id, type, date, quantity, unit_value, description, created_at, updated_at) VALUES ('0da86f4a-308c-4883-87f2-3d76a2931b31', 'f7e710c7-2e9c-4925-a8d8-6a13def5fe41', 'fddf0cc4-7c0e-45d7-baf2-60f39b70f0f7', 'buy', '2024-06-25', 5.46, 5035.06, 'Added on dip', '2026-02-01 08:52:29.945048+00', '2026-02-01 08:52:29.945048+00') ON CONFLICT DO NOTHING;
INSERT INTO public.portfolio_records (id, user_id, position_id, type, date, quantity, unit_value, description, created_at, updated_at) VALUES ('cbe7fd71-4c8f-40d7-9777-dd0851d83a02', 'f7e710c7-2e9c-4925-a8d8-6a13def5fe41', 'd7d82192-5595-44b2-9042-1f4e889b198d', 'buy', '2024-06-26', 0.1052, 95861.62, 'Top-up', '2026-02-01 08:52:29.945048+00', '2026-02-01 08:52:29.945048+00') ON CONFLICT DO NOTHING;
INSERT INTO public.portfolio_records (id, user_id, position_id, type, date, quantity, unit_value, description, created_at, updated_at) VALUES ('163dafb5-bcb2-4c18-90e3-accf05efca9d', 'f7e710c7-2e9c-4925-a8d8-6a13def5fe41', 'd7d82192-5595-44b2-9042-1f4e889b198d', 'buy', '2024-06-26', 0.0105, 86157.57, 'Initial buy', '2026-02-01 08:52:29.945048+00', '2026-02-01 08:52:29.945048+00') ON CONFLICT DO NOTHING;
INSERT INTO public.portfolio_records (id, user_id, position_id, type, date, quantity, unit_value, description, created_at, updated_at) VALUES ('73219aca-3b9b-4e0f-a08e-f7e9163c9f55', 'f7e710c7-2e9c-4925-a8d8-6a13def5fe41', '4a962e75-0785-4e85-b365-6ca88db8a07e', 'buy', '2024-06-27', 2.34, 619.69, 'Top-up', '2026-02-01 08:52:29.945048+00', '2026-02-01 08:52:29.945048+00') ON CONFLICT DO NOTHING;
INSERT INTO public.portfolio_records (id, user_id, position_id, type, date, quantity, unit_value, description, created_at, updated_at) VALUES ('778b3092-495b-4d33-bfe7-a108fd64208d', 'f7e710c7-2e9c-4925-a8d8-6a13def5fe41', 'd7d82192-5595-44b2-9042-1f4e889b198d', 'buy', '2024-07-11', 0.0223, 97263.03, 'Monthly DCA', '2026-02-01 08:52:29.945048+00', '2026-02-01 08:52:29.945048+00') ON CONFLICT DO NOTHING;
INSERT INTO public.portfolio_records (id, user_id, position_id, type, date, quantity, unit_value, description, created_at, updated_at) VALUES ('c5c26934-ff0b-41bd-90ff-81d59e5ab2a2', 'f7e710c7-2e9c-4925-a8d8-6a13def5fe41', '4a962e75-0785-4e85-b365-6ca88db8a07e', 'update', '2024-07-14', 15, 670.86, 'Admin update', '2026-02-01 08:52:29.945048+00', '2026-02-01 08:52:29.945048+00') ON CONFLICT DO NOTHING;
INSERT INTO public.portfolio_records (id, user_id, position_id, type, date, quantity, unit_value, description, created_at, updated_at) VALUES ('b63cedee-582b-40d6-9fbe-116fc566b821', 'f7e710c7-2e9c-4925-a8d8-6a13def5fe41', '4b0f79d8-88d3-45e9-8b78-b1c0efe9ced6', 'sell', '2024-07-16', 0.2, 291.92, 'Partial exit', '2026-02-01 08:52:29.945048+00', '2026-02-01 08:52:29.945048+00') ON CONFLICT DO NOTHING;
INSERT INTO public.portfolio_records (id, user_id, position_id, type, date, quantity, unit_value, description, created_at, updated_at) VALUES ('3dcf092d-66d1-46b9-a434-5661bd2578d5', 'f7e710c7-2e9c-4925-a8d8-6a13def5fe41', '4b0f79d8-88d3-45e9-8b78-b1c0efe9ced6', 'buy', '2024-07-17', 3.21, 336.45, 'Accumulation', '2026-02-01 08:52:29.945048+00', '2026-02-01 08:52:29.945048+00') ON CONFLICT DO NOTHING;
INSERT INTO public.portfolio_records (id, user_id, position_id, type, date, quantity, unit_value, description, created_at, updated_at) VALUES ('b548e0e9-98e8-4ee8-bc02-1995daf4e959', 'f7e710c7-2e9c-4925-a8d8-6a13def5fe41', '898b2fea-896b-4041-805c-feeec5f02dcd', 'sell', '2024-07-19', 0.91, 269.75, 'Took profits', '2026-02-01 08:52:29.945048+00', '2026-02-01 08:52:29.945048+00') ON CONFLICT DO NOTHING;
INSERT INTO public.portfolio_records (id, user_id, position_id, type, date, quantity, unit_value, description, created_at, updated_at) VALUES ('9fac9e1a-efb1-4aff-8899-494df5d2cca5', 'f7e710c7-2e9c-4925-a8d8-6a13def5fe41', '6ee6ecd1-001a-4541-9de1-86182cb0b3fa', 'update', '2024-07-21', 1, 308862.6, 'Valuation update', '2026-02-01 08:52:29.945048+00', '2026-02-01 08:52:29.945048+00') ON CONFLICT DO NOTHING;
INSERT INTO public.portfolio_records (id, user_id, position_id, type, date, quantity, unit_value, description, created_at, updated_at) VALUES ('90c4b427-d522-40b0-a5c3-b796f71e61f3', 'f7e710c7-2e9c-4925-a8d8-6a13def5fe41', '6ee6ecd1-001a-4541-9de1-86182cb0b3fa', 'update', '2024-07-29', 1, 297998.1, 'Valuation update', '2026-02-01 08:52:29.945048+00', '2026-02-01 08:52:29.945048+00') ON CONFLICT DO NOTHING;
INSERT INTO public.portfolio_records (id, user_id, position_id, type, date, quantity, unit_value, description, created_at, updated_at) VALUES ('61b56c15-22fa-429f-bc94-0293c840c6fb', 'f7e710c7-2e9c-4925-a8d8-6a13def5fe41', '783a1cd3-d79b-4932-882f-580ae323adb4', 'update', '2024-08-27', 26941.68, 1, 'Admin update', '2026-02-01 08:52:29.945048+00', '2026-02-01 08:52:29.945048+00') ON CONFLICT DO NOTHING;
INSERT INTO public.portfolio_records (id, user_id, position_id, type, date, quantity, unit_value, description, created_at, updated_at) VALUES ('7cbb059e-93f7-460a-a1e6-8e4c239fd23a', 'f7e710c7-2e9c-4925-a8d8-6a13def5fe41', '6ee6ecd1-001a-4541-9de1-86182cb0b3fa', 'update', '2024-08-28', 1, 303484.77, 'Valuation update', '2026-02-01 08:52:29.945048+00', '2026-02-01 08:52:29.945048+00') ON CONFLICT DO NOTHING;
INSERT INTO public.portfolio_records (id, user_id, position_id, type, date, quantity, unit_value, description, created_at, updated_at) VALUES ('e7ecae91-f7b5-4724-b878-d71d53543b8d', 'f7e710c7-2e9c-4925-a8d8-6a13def5fe41', 'd7d82192-5595-44b2-9042-1f4e889b198d', 'buy', '2024-09-03', 0.0848, 84910.58, 'Initial buy', '2026-02-01 08:52:29.945048+00', '2026-02-01 08:52:29.945048+00') ON CONFLICT DO NOTHING;
INSERT INTO public.portfolio_records (id, user_id, position_id, type, date, quantity, unit_value, description, created_at, updated_at) VALUES ('1cb16bd4-03f4-432f-8ce6-e1eb763e6134', 'f7e710c7-2e9c-4925-a8d8-6a13def5fe41', 'fddf0cc4-7c0e-45d7-baf2-60f39b70f0f7', 'buy', '2024-09-04', 3.01, 5529.1, 'Added on dip', '2026-02-01 08:52:29.945048+00', '2026-02-01 08:52:29.945048+00') ON CONFLICT DO NOTHING;
INSERT INTO public.portfolio_records (id, user_id, position_id, type, date, quantity, unit_value, description, created_at, updated_at) VALUES ('436f46f6-687a-4650-a3dd-1cf7b08cbb9f', 'f7e710c7-2e9c-4925-a8d8-6a13def5fe41', '783a1cd3-d79b-4932-882f-580ae323adb4', 'update', '2024-09-09', 25320.45, 1, 'Valuation update', '2026-02-01 08:52:29.945048+00', '2026-02-01 08:52:29.945048+00') ON CONFLICT DO NOTHING;
INSERT INTO public.portfolio_records (id, user_id, position_id, type, date, quantity, unit_value, description, created_at, updated_at) VALUES ('2c58bc95-f4f6-4aa1-b0ce-5f0685750c61', 'f7e710c7-2e9c-4925-a8d8-6a13def5fe41', 'fddf0cc4-7c0e-45d7-baf2-60f39b70f0f7', 'sell', '2024-09-11', 2.62, 5507.27, 'Trimmed position', '2026-02-01 08:52:29.945048+00', '2026-02-01 08:52:29.945048+00') ON CONFLICT DO NOTHING;
INSERT INTO public.portfolio_records (id, user_id, position_id, type, date, quantity, unit_value, description, created_at, updated_at) VALUES ('f37c3249-9454-4915-a288-5b95488aaa76', 'f7e710c7-2e9c-4925-a8d8-6a13def5fe41', 'fddf0cc4-7c0e-45d7-baf2-60f39b70f0f7', 'buy', '2024-09-12', 12.07, 5200.06, 'Accumulation', '2026-02-01 08:52:29.945048+00', '2026-02-01 08:52:29.945048+00') ON CONFLICT DO NOTHING;
INSERT INTO public.portfolio_records (id, user_id, position_id, type, date, quantity, unit_value, description, created_at, updated_at) VALUES ('95883f81-4813-42bb-b78f-dca7b1f786ac', 'f7e710c7-2e9c-4925-a8d8-6a13def5fe41', 'fddf0cc4-7c0e-45d7-baf2-60f39b70f0f7', 'buy', '2024-09-22', 2.98, 5010.52, 'Initial buy', '2026-02-01 08:52:29.945048+00', '2026-02-01 08:52:29.945048+00') ON CONFLICT DO NOTHING;
INSERT INTO public.portfolio_records (id, user_id, position_id, type, date, quantity, unit_value, description, created_at, updated_at) VALUES ('9f9e19ce-89b9-4047-b929-b295afe9387e', 'f7e710c7-2e9c-4925-a8d8-6a13def5fe41', '6ee6ecd1-001a-4541-9de1-86182cb0b3fa', 'update', '2024-09-29', 1, 297521.82, 'Valuation update', '2026-02-01 08:52:29.945048+00', '2026-02-01 08:52:29.945048+00') ON CONFLICT DO NOTHING;
INSERT INTO public.portfolio_records (id, user_id, position_id, type, date, quantity, unit_value, description, created_at, updated_at) VALUES ('ff9fb5e4-9305-4734-bfff-f62cb023d72b', 'f7e710c7-2e9c-4925-a8d8-6a13def5fe41', '3f273f7e-b950-457c-96f3-8964e4e60c1d', 'buy', '2024-10-13', 0.98, 181.93, 'Accumulation', '2026-02-01 08:52:29.945048+00', '2026-02-01 08:52:29.945048+00') ON CONFLICT DO NOTHING;
INSERT INTO public.portfolio_records (id, user_id, position_id, type, date, quantity, unit_value, description, created_at, updated_at) VALUES ('cf368978-e46d-4eb2-89f2-0410f8401110', 'f7e710c7-2e9c-4925-a8d8-6a13def5fe41', 'd7d82192-5595-44b2-9042-1f4e889b198d', 'buy', '2024-10-14', 0.0263, 83286.7, 'Accumulation', '2026-02-01 08:52:29.945048+00', '2026-02-01 08:52:29.945048+00') ON CONFLICT DO NOTHING;
INSERT INTO public.portfolio_records (id, user_id, position_id, type, date, quantity, unit_value, description, created_at, updated_at) VALUES ('c9daa4bc-71c4-45ae-91ab-f6e364f5c429', 'f7e710c7-2e9c-4925-a8d8-6a13def5fe41', '8a351b96-72e1-400f-bfa3-144ecb909231', 'update', '2024-10-27', 2.4, 2801.84, 'Balance update', '2026-02-01 08:52:29.945048+00', '2026-02-01 08:52:29.945048+00') ON CONFLICT DO NOTHING;
INSERT INTO public.portfolio_records (id, user_id, position_id, type, date, quantity, unit_value, description, created_at, updated_at) VALUES ('af124c6c-1162-4c51-8790-42cc8f3f51f5', 'f7e710c7-2e9c-4925-a8d8-6a13def5fe41', 'd7d82192-5595-44b2-9042-1f4e889b198d', 'buy', '2024-11-25', 0.0847, 84206.58, 'Top-up', '2026-02-01 08:52:29.945048+00', '2026-02-01 08:52:29.945048+00') ON CONFLICT DO NOTHING;
INSERT INTO public.portfolio_records (id, user_id, position_id, type, date, quantity, unit_value, description, created_at, updated_at) VALUES ('ee3e9bb6-78e1-4e78-a2de-dd0869be001d', 'f7e710c7-2e9c-4925-a8d8-6a13def5fe41', 'a93bb7de-264e-46b7-8af0-70eaa34b96dc', 'buy', '2024-11-27', 5.09, 119.56, 'Portfolio rebalance buy', '2026-02-01 08:52:29.945048+00', '2026-02-01 08:52:29.945048+00') ON CONFLICT DO NOTHING;
INSERT INTO public.portfolio_records (id, user_id, position_id, type, date, quantity, unit_value, description, created_at, updated_at) VALUES ('2e055ec6-d5b4-4714-a838-d9a2c6dd6f38', 'f7e710c7-2e9c-4925-a8d8-6a13def5fe41', '898b2fea-896b-4041-805c-feeec5f02dcd', 'buy', '2024-12-01', 0.98, 309.38, 'Added on dip', '2026-02-01 08:52:29.945048+00', '2026-02-01 08:52:29.945048+00') ON CONFLICT DO NOTHING;
INSERT INTO public.portfolio_records (id, user_id, position_id, type, date, quantity, unit_value, description, created_at, updated_at) VALUES ('ddf7b96d-ac78-4ca3-92bf-65f60824ae63', 'f7e710c7-2e9c-4925-a8d8-6a13def5fe41', 'fddf0cc4-7c0e-45d7-baf2-60f39b70f0f7', 'buy', '2024-12-07', 18.28, 5246.52, 'Portfolio rebalance buy', '2026-02-01 08:52:29.945048+00', '2026-02-01 08:52:29.945048+00') ON CONFLICT DO NOTHING;
INSERT INTO public.portfolio_records (id, user_id, position_id, type, date, quantity, unit_value, description, created_at, updated_at) VALUES ('d02cc706-caeb-4e31-a8ae-5f9d7d11f2a4', 'f7e710c7-2e9c-4925-a8d8-6a13def5fe41', 'a93bb7de-264e-46b7-8af0-70eaa34b96dc', 'sell', '2024-12-09', 0, 129.06, 'Took profits', '2026-02-01 08:52:29.945048+00', '2026-02-01 08:52:29.945048+00') ON CONFLICT DO NOTHING;
INSERT INTO public.portfolio_records (id, user_id, position_id, type, date, quantity, unit_value, description, created_at, updated_at) VALUES ('af625e79-765f-4b65-89c2-65f3c2ddac22', 'f7e710c7-2e9c-4925-a8d8-6a13def5fe41', '48621b08-2009-4c7e-aee4-bec4e0a9eecd', 'buy', '2024-12-10', 7.78, 581.77, 'Top-up', '2026-02-01 08:52:29.945048+00', '2026-02-01 08:52:29.945048+00') ON CONFLICT DO NOTHING;
INSERT INTO public.portfolio_records (id, user_id, position_id, type, date, quantity, unit_value, description, created_at, updated_at) VALUES ('2036a068-99f9-4044-b699-1e4d9557cf24', 'f7e710c7-2e9c-4925-a8d8-6a13def5fe41', 'a93bb7de-264e-46b7-8af0-70eaa34b96dc', 'buy', '2025-01-05', 1.61, 123.19, 'Top-up', '2026-02-01 08:52:29.945048+00', '2026-02-01 08:52:29.945048+00') ON CONFLICT DO NOTHING;
INSERT INTO public.portfolio_records (id, user_id, position_id, type, date, quantity, unit_value, description, created_at, updated_at) VALUES ('df3b25a7-2efb-476f-95c0-c72ee7399450', 'f7e710c7-2e9c-4925-a8d8-6a13def5fe41', 'a93bb7de-264e-46b7-8af0-70eaa34b96dc', 'buy', '2025-01-18', 2.15, 125.34, 'Top-up', '2026-02-01 08:52:29.945048+00', '2026-02-01 08:52:29.945048+00') ON CONFLICT DO NOTHING;
INSERT INTO public.portfolio_records (id, user_id, position_id, type, date, quantity, unit_value, description, created_at, updated_at) VALUES ('ba950769-4ea4-45e4-a005-d0f9fa5404d9', 'f7e710c7-2e9c-4925-a8d8-6a13def5fe41', '4852f410-ea7b-40fd-88a2-8f04ec6a0a5a', 'buy', '2025-02-02', 199.56, 0.9858, 'Added on dip', '2026-02-01 08:52:29.945048+00', '2026-02-01 08:52:29.945048+00') ON CONFLICT DO NOTHING;
INSERT INTO public.portfolio_records (id, user_id, position_id, type, date, quantity, unit_value, description, created_at, updated_at) VALUES ('68de3d5f-6a47-454a-a481-b909ae23d28d', 'f7e710c7-2e9c-4925-a8d8-6a13def5fe41', 'd7d82192-5595-44b2-9042-1f4e889b198d', 'buy', '2025-03-26', 0.0585, 88297.15, 'Accumulation', '2026-02-01 08:52:29.945048+00', '2026-02-01 08:52:29.945048+00') ON CONFLICT DO NOTHING;
INSERT INTO public.portfolio_records (id, user_id, position_id, type, date, quantity, unit_value, description, created_at, updated_at) VALUES ('0f103c64-948f-4886-9b99-ffa8956c78d3', 'f7e710c7-2e9c-4925-a8d8-6a13def5fe41', '48621b08-2009-4c7e-aee4-bec4e0a9eecd', 'buy', '2025-03-29', 26.87, 604.57, 'Accumulation', '2026-02-01 08:52:29.945048+00', '2026-02-01 08:52:29.945048+00') ON CONFLICT DO NOTHING;
INSERT INTO public.portfolio_records (id, user_id, position_id, type, date, quantity, unit_value, description, created_at, updated_at) VALUES ('1658e551-a515-43b1-9f88-18c4d662bb49', 'f7e710c7-2e9c-4925-a8d8-6a13def5fe41', '3f273f7e-b950-457c-96f3-8964e4e60c1d', 'buy', '2025-04-03', 4.93, 200.62, 'Accumulation', '2026-02-01 08:52:29.945048+00', '2026-02-01 08:52:29.945048+00') ON CONFLICT DO NOTHING;
INSERT INTO public.portfolio_records (id, user_id, position_id, type, date, quantity, unit_value, description, created_at, updated_at) VALUES ('720e8773-680c-412c-a177-7a3e829aa517', 'f7e710c7-2e9c-4925-a8d8-6a13def5fe41', '783a1cd3-d79b-4932-882f-580ae323adb4', 'update', '2025-04-08', 27304.86, 1, 'Valuation update', '2026-02-01 08:52:29.945048+00', '2026-02-01 08:52:29.945048+00') ON CONFLICT DO NOTHING;
INSERT INTO public.portfolio_records (id, user_id, position_id, type, date, quantity, unit_value, description, created_at, updated_at) VALUES ('2421f26b-b077-4561-a619-12e6960121d9', 'f7e710c7-2e9c-4925-a8d8-6a13def5fe41', '898b2fea-896b-4041-805c-feeec5f02dcd', 'buy', '2025-04-18', 4.62, 363.43, 'Accumulation', '2026-02-01 08:52:29.945048+00', '2026-02-01 08:52:29.945048+00') ON CONFLICT DO NOTHING;
INSERT INTO public.portfolio_records (id, user_id, position_id, type, date, quantity, unit_value, description, created_at, updated_at) VALUES ('d0bcff2d-ce40-47e6-a635-ac7b4f5761a8', 'f7e710c7-2e9c-4925-a8d8-6a13def5fe41', 'fddf0cc4-7c0e-45d7-baf2-60f39b70f0f7', 'buy', '2025-04-27', 18.54, 5092.57, 'Portfolio rebalance buy', '2026-02-01 08:52:29.945048+00', '2026-02-01 08:52:29.945048+00') ON CONFLICT DO NOTHING;
INSERT INTO public.portfolio_records (id, user_id, position_id, type, date, quantity, unit_value, description, created_at, updated_at) VALUES ('399a5ec3-b58d-40d1-b68f-dc78d933d99c', 'f7e710c7-2e9c-4925-a8d8-6a13def5fe41', 'fddf0cc4-7c0e-45d7-baf2-60f39b70f0f7', 'buy', '2025-04-28', 8.85, 4683.72, 'Top-up', '2026-02-01 08:52:29.945048+00', '2026-02-01 08:52:29.945048+00') ON CONFLICT DO NOTHING;
INSERT INTO public.portfolio_records (id, user_id, position_id, type, date, quantity, unit_value, description, created_at, updated_at) VALUES ('19b95bd8-af2d-4271-853c-93cb6d023ea0', 'f7e710c7-2e9c-4925-a8d8-6a13def5fe41', '8bc59f8d-62a7-40e1-9cc8-e7647e6a1c4c', 'update', '2025-05-09', 30196.38, 1, 'Marked to market', '2026-02-01 08:52:29.945048+00', '2026-02-01 08:52:29.945048+00') ON CONFLICT DO NOTHING;
INSERT INTO public.portfolio_records (id, user_id, position_id, type, date, quantity, unit_value, description, created_at, updated_at) VALUES ('73426f54-b899-4562-b307-be353711fe5d', 'f7e710c7-2e9c-4925-a8d8-6a13def5fe41', '898b2fea-896b-4041-805c-feeec5f02dcd', 'buy', '2025-05-12', 2.8, 379.15, 'Monthly DCA', '2026-02-01 08:52:29.945048+00', '2026-02-01 08:52:29.945048+00') ON CONFLICT DO NOTHING;
INSERT INTO public.portfolio_records (id, user_id, position_id, type, date, quantity, unit_value, description, created_at, updated_at) VALUES ('e513b091-07c8-494d-a182-c8ce18d89161', 'f7e710c7-2e9c-4925-a8d8-6a13def5fe41', '783a1cd3-d79b-4932-882f-580ae323adb4', 'update', '2025-06-07', 29067.2, 1, 'Marked to market', '2026-02-01 08:52:29.945048+00', '2026-02-01 08:52:29.945048+00') ON CONFLICT DO NOTHING;
INSERT INTO public.portfolio_records (id, user_id, position_id, type, date, quantity, unit_value, description, created_at, updated_at) VALUES ('1780b2d7-b01e-467a-b6c6-b10f84ff35b8', 'f7e710c7-2e9c-4925-a8d8-6a13def5fe41', '48621b08-2009-4c7e-aee4-bec4e0a9eecd', 'buy', '2025-06-08', 6.66, 551.89, 'Added on dip', '2026-02-01 08:52:29.945048+00', '2026-02-01 08:52:29.945048+00') ON CONFLICT DO NOTHING;
INSERT INTO public.portfolio_records (id, user_id, position_id, type, date, quantity, unit_value, description, created_at, updated_at) VALUES ('bc18334b-07db-4880-aede-b04388a6e08f', 'f7e710c7-2e9c-4925-a8d8-6a13def5fe41', 'fddf0cc4-7c0e-45d7-baf2-60f39b70f0f7', 'buy', '2025-06-11', 2.92, 4507.45, 'Top-up', '2026-02-01 08:52:29.945048+00', '2026-02-01 08:52:29.945048+00') ON CONFLICT DO NOTHING;
INSERT INTO public.portfolio_records (id, user_id, position_id, type, date, quantity, unit_value, description, created_at, updated_at) VALUES ('3632df0a-e900-49f3-b9ef-d987a465649f', 'f7e710c7-2e9c-4925-a8d8-6a13def5fe41', '4b0f79d8-88d3-45e9-8b78-b1c0efe9ced6', 'buy', '2025-06-19', 1.03, 393.03, 'Monthly DCA', '2026-02-01 08:52:29.945048+00', '2026-02-01 08:52:29.945048+00') ON CONFLICT DO NOTHING;
INSERT INTO public.portfolio_records (id, user_id, position_id, type, date, quantity, unit_value, description, created_at, updated_at) VALUES ('5c4a57b8-ad59-415c-9808-a743eb49910a', 'f7e710c7-2e9c-4925-a8d8-6a13def5fe41', 'fddf0cc4-7c0e-45d7-baf2-60f39b70f0f7', 'buy', '2025-07-03', 1, 4409.87, 'Accumulation', '2026-02-01 08:52:29.945048+00', '2026-02-01 08:52:29.945048+00') ON CONFLICT DO NOTHING;
INSERT INTO public.portfolio_records (id, user_id, position_id, type, date, quantity, unit_value, description, created_at, updated_at) VALUES ('bbb59316-5b41-413b-baa6-becf526ce62a', 'f7e710c7-2e9c-4925-a8d8-6a13def5fe41', '898b2fea-896b-4041-805c-feeec5f02dcd', 'update', '2025-07-16', 12, 438.04, 'Price update', '2026-02-01 08:52:29.945048+00', '2026-02-01 08:52:29.945048+00') ON CONFLICT DO NOTHING;
INSERT INTO public.portfolio_records (id, user_id, position_id, type, date, quantity, unit_value, description, created_at, updated_at) VALUES ('bb8c3c72-5b89-4e5b-b0e0-cb415c962612', 'f7e710c7-2e9c-4925-a8d8-6a13def5fe41', '4852f410-ea7b-40fd-88a2-8f04ec6a0a5a', 'buy', '2025-07-19', 688.64, 0.9951, 'Added on dip', '2026-02-01 08:52:29.945048+00', '2026-02-01 08:52:29.945048+00') ON CONFLICT DO NOTHING;
INSERT INTO public.portfolio_records (id, user_id, position_id, type, date, quantity, unit_value, description, created_at, updated_at) VALUES ('06504507-9e30-4c3c-a145-e1fe7a75eb33', 'f7e710c7-2e9c-4925-a8d8-6a13def5fe41', '8bc59f8d-62a7-40e1-9cc8-e7647e6a1c4c', 'update', '2025-07-20', 29883.43, 1, 'Price update', '2026-02-01 08:52:29.945048+00', '2026-02-01 08:52:29.945048+00') ON CONFLICT DO NOTHING;
INSERT INTO public.portfolio_records (id, user_id, position_id, type, date, quantity, unit_value, description, created_at, updated_at) VALUES ('1d40403e-633a-4df1-b011-8f8525146fa4', 'f7e710c7-2e9c-4925-a8d8-6a13def5fe41', '4b0f79d8-88d3-45e9-8b78-b1c0efe9ced6', 'sell', '2025-08-03', 0.2, 433.28, 'Trimmed position', '2026-02-01 08:52:29.945048+00', '2026-02-01 08:52:29.945048+00') ON CONFLICT DO NOTHING;
INSERT INTO public.portfolio_records (id, user_id, position_id, type, date, quantity, unit_value, description, created_at, updated_at) VALUES ('7de50f28-aad2-49de-ae25-7f5fe1a1459d', 'f7e710c7-2e9c-4925-a8d8-6a13def5fe41', 'fddf0cc4-7c0e-45d7-baf2-60f39b70f0f7', 'buy', '2025-08-30', 1.07, 4509.56, 'Top-up', '2026-02-01 08:52:29.945048+00', '2026-02-01 08:52:29.945048+00') ON CONFLICT DO NOTHING;
INSERT INTO public.portfolio_records (id, user_id, position_id, type, date, quantity, unit_value, description, created_at, updated_at) VALUES ('f34889a6-958b-4efb-a43d-00b96cfb353c', 'f7e710c7-2e9c-4925-a8d8-6a13def5fe41', '48621b08-2009-4c7e-aee4-bec4e0a9eecd', 'update', '2025-09-08', 200, 546.17, 'Balance update', '2026-02-01 08:52:29.945048+00', '2026-02-01 08:52:29.945048+00') ON CONFLICT DO NOTHING;
INSERT INTO public.portfolio_records (id, user_id, position_id, type, date, quantity, unit_value, description, created_at, updated_at) VALUES ('c1e61384-2300-4afe-8299-80e83cd7527c', 'f7e710c7-2e9c-4925-a8d8-6a13def5fe41', '8bc59f8d-62a7-40e1-9cc8-e7647e6a1c4c', 'update', '2025-09-17', 25704.24, 1, 'Valuation update', '2026-02-01 08:52:29.945048+00', '2026-02-01 08:52:29.945048+00') ON CONFLICT DO NOTHING;
INSERT INTO public.portfolio_records (id, user_id, position_id, type, date, quantity, unit_value, description, created_at, updated_at) VALUES ('b362267c-868a-4cde-8b2a-e05945cdc767', 'f7e710c7-2e9c-4925-a8d8-6a13def5fe41', '3f273f7e-b950-457c-96f3-8964e4e60c1d', 'buy', '2025-10-03', 4.05, 209.83, 'Portfolio rebalance buy', '2026-02-01 08:52:29.945048+00', '2026-02-01 08:52:29.945048+00') ON CONFLICT DO NOTHING;
INSERT INTO public.portfolio_records (id, user_id, position_id, type, date, quantity, unit_value, description, created_at, updated_at) VALUES ('6abf827b-7f2a-4509-9a76-55c394f32833', 'f7e710c7-2e9c-4925-a8d8-6a13def5fe41', 'fddf0cc4-7c0e-45d7-baf2-60f39b70f0f7', 'update', '2025-10-26', 120, 4500.76, 'Marked to market', '2026-02-01 08:52:29.945048+00', '2026-02-01 08:52:29.945048+00') ON CONFLICT DO NOTHING;
INSERT INTO public.portfolio_records (id, user_id, position_id, type, date, quantity, unit_value, description, created_at, updated_at) VALUES ('fa3d2dee-acf2-4cc1-bb9d-3bb10ee6c5c7', 'f7e710c7-2e9c-4925-a8d8-6a13def5fe41', '4852f410-ea7b-40fd-88a2-8f04ec6a0a5a', 'buy', '2025-11-04', 2310.41, 0.9792, 'Initial buy', '2026-02-01 08:52:29.945048+00', '2026-02-01 08:52:29.945048+00') ON CONFLICT DO NOTHING;
INSERT INTO public.portfolio_records (id, user_id, position_id, type, date, quantity, unit_value, description, created_at, updated_at) VALUES ('20b60fad-80cf-4f99-ba20-91631be4ee9b', 'f7e710c7-2e9c-4925-a8d8-6a13def5fe41', 'd7d82192-5595-44b2-9042-1f4e889b198d', 'update', '2025-11-11', 0.6, 86927.52, 'Balance update', '2026-02-01 08:52:29.945048+00', '2026-02-01 08:52:29.945048+00') ON CONFLICT DO NOTHING;
INSERT INTO public.portfolio_records (id, user_id, position_id, type, date, quantity, unit_value, description, created_at, updated_at) VALUES ('4d7015dc-132a-4725-abdd-7fcba6ea408a', 'f7e710c7-2e9c-4925-a8d8-6a13def5fe41', 'fddf0cc4-7c0e-45d7-baf2-60f39b70f0f7', 'update', '2025-11-11', 120, 4430.39, 'Admin update', '2026-02-01 08:52:29.945048+00', '2026-02-01 08:52:29.945048+00') ON CONFLICT DO NOTHING;
INSERT INTO public.portfolio_records (id, user_id, position_id, type, date, quantity, unit_value, description, created_at, updated_at) VALUES ('398b3ab4-71c9-43a1-bf2c-60e910471312', 'f7e710c7-2e9c-4925-a8d8-6a13def5fe41', '3f273f7e-b950-457c-96f3-8964e4e60c1d', 'update', '2025-11-14', 30, 266.47, 'Valuation update', '2026-02-01 08:52:29.945048+00', '2026-02-01 08:52:29.945048+00') ON CONFLICT DO NOTHING;
INSERT INTO public.portfolio_records (id, user_id, position_id, type, date, quantity, unit_value, description, created_at, updated_at) VALUES ('ee8a81d0-b9c1-4066-9e6f-cc41c0dd406a', 'f7e710c7-2e9c-4925-a8d8-6a13def5fe41', '4b0f79d8-88d3-45e9-8b78-b1c0efe9ced6', 'update', '2025-12-02', 18, 440.1, 'Marked to market', '2026-02-01 08:52:29.945048+00', '2026-02-01 08:52:29.945048+00') ON CONFLICT DO NOTHING;
INSERT INTO public.portfolio_records (id, user_id, position_id, type, date, quantity, unit_value, description, created_at, updated_at) VALUES ('fb991a10-61fc-4ad2-aa51-772c100799b0', 'f7e710c7-2e9c-4925-a8d8-6a13def5fe41', '8bc59f8d-62a7-40e1-9cc8-e7647e6a1c4c', 'update', '2025-12-02', 25000, 1, 'Valuation update', '2026-02-01 08:52:29.945048+00', '2026-02-01 08:52:29.945048+00') ON CONFLICT DO NOTHING;
INSERT INTO public.portfolio_records (id, user_id, position_id, type, date, quantity, unit_value, description, created_at, updated_at) VALUES ('61da6833-179d-45e0-a5f6-3edd7fef6bb2', 'f7e710c7-2e9c-4925-a8d8-6a13def5fe41', '48621b08-2009-4c7e-aee4-bec4e0a9eecd', 'update', '2025-12-08', 200, 628.73, 'Admin update', '2026-02-01 08:52:29.945048+00', '2026-02-01 08:52:29.945048+00') ON CONFLICT DO NOTHING;
INSERT INTO public.portfolio_records (id, user_id, position_id, type, date, quantity, unit_value, description, created_at, updated_at) VALUES ('55a6a9a8-90c0-4c51-a275-10da848f0622', 'f7e710c7-2e9c-4925-a8d8-6a13def5fe41', '4852f410-ea7b-40fd-88a2-8f04ec6a0a5a', 'update', '2025-12-08', 8000, 1.0107, 'Admin update', '2026-02-01 08:52:29.945048+00', '2026-02-01 08:52:29.945048+00') ON CONFLICT DO NOTHING;
INSERT INTO public.portfolio_records (id, user_id, position_id, type, date, quantity, unit_value, description, created_at, updated_at) VALUES ('6efd1b8b-a445-4513-a004-bbc21ec518aa', 'f7e710c7-2e9c-4925-a8d8-6a13def5fe41', 'a93bb7de-264e-46b7-8af0-70eaa34b96dc', 'update', '2025-12-09', 22, 150.14, 'Valuation update', '2026-02-01 08:52:29.945048+00', '2026-02-01 08:52:29.945048+00') ON CONFLICT DO NOTHING;
INSERT INTO public.portfolio_records (id, user_id, position_id, type, date, quantity, unit_value, description, created_at, updated_at) VALUES ('94b08c69-c279-4ba4-8fc0-cabb9afe10e6', 'f7e710c7-2e9c-4925-a8d8-6a13def5fe41', '783a1cd3-d79b-4932-882f-580ae323adb4', 'update', '2026-01-05', 30000, 1, 'Valuation update', '2026-02-01 08:52:29.945048+00', '2026-02-01 08:52:29.945048+00') ON CONFLICT DO NOTHING;
INSERT INTO public.position_snapshots (id, user_id, position_id, date, quantity, unit_value, cost_basis_per_unit, portfolio_record_id, created_at, updated_at) VALUES ('45526349-7b7f-46dc-8099-3911c637de35', 'f7e710c7-2e9c-4925-a8d8-6a13def5fe41', '783a1cd3-d79b-4932-882f-580ae323adb4', '2026-02-01', 30000, 1, 1, NULL, '2026-02-01 08:52:04.116856+00', '2026-02-01 08:52:04.116856+00') ON CONFLICT DO NOTHING;
INSERT INTO public.position_snapshots (id, user_id, position_id, date, quantity, unit_value, cost_basis_per_unit, portfolio_record_id, created_at, updated_at) VALUES ('07b7db1c-8db1-4ee3-af40-5af1db31bea4', 'f7e710c7-2e9c-4925-a8d8-6a13def5fe41', '8bc59f8d-62a7-40e1-9cc8-e7647e6a1c4c', '2026-02-01', 25000, 1, 1, NULL, '2026-02-01 08:52:04.220082+00', '2026-02-01 08:52:04.220082+00') ON CONFLICT DO NOTHING;
INSERT INTO public.position_snapshots (id, user_id, position_id, date, quantity, unit_value, cost_basis_per_unit, portfolio_record_id, created_at, updated_at) VALUES ('0cfca965-7bd9-42ae-a603-b38bf9c48b06', 'f7e710c7-2e9c-4925-a8d8-6a13def5fe41', '3f273f7e-b950-457c-96f3-8964e4e60c1d', '2026-02-01', 30, 247.64999389648438, 145, NULL, '2026-02-01 08:52:04.532164+00', '2026-02-01 08:52:04.532164+00') ON CONFLICT DO NOTHING;
INSERT INTO public.position_snapshots (id, user_id, position_id, date, quantity, unit_value, cost_basis_per_unit, portfolio_record_id, created_at, updated_at) VALUES ('c5d1ee26-533a-4bce-8b88-1f297c57c68d', 'f7e710c7-2e9c-4925-a8d8-6a13def5fe41', '4b0f79d8-88d3-45e9-8b78-b1c0efe9ced6', '2026-02-01', 18, 444.1099853515625, 320, NULL, '2026-02-01 08:52:04.886768+00', '2026-02-01 08:52:04.886768+00') ON CONFLICT DO NOTHING;
INSERT INTO public.position_snapshots (id, user_id, position_id, date, quantity, unit_value, cost_basis_per_unit, portfolio_record_id, created_at, updated_at) VALUES ('9c59e22f-f443-4d8d-99ff-5a72c7f59351', 'f7e710c7-2e9c-4925-a8d8-6a13def5fe41', 'fddf0cc4-7c0e-45d7-baf2-60f39b70f0f7', '2026-02-01', 120, 4325, 7200, NULL, '2026-02-01 08:52:05.200649+00', '2026-02-01 08:52:05.200649+00') ON CONFLICT DO NOTHING;
INSERT INTO public.position_snapshots (id, user_id, position_id, date, quantity, unit_value, cost_basis_per_unit, portfolio_record_id, created_at, updated_at) VALUES ('4844a5b0-730b-48f5-a06f-04013d667193', 'f7e710c7-2e9c-4925-a8d8-6a13def5fe41', '4a962e75-0785-4e85-b365-6ca88db8a07e', '2026-02-01', 15, 685.4000244140625, 380, NULL, '2026-02-01 08:52:05.742194+00', '2026-02-01 08:52:05.742194+00') ON CONFLICT DO NOTHING;
INSERT INTO public.position_snapshots (id, user_id, position_id, date, quantity, unit_value, cost_basis_per_unit, portfolio_record_id, created_at, updated_at) VALUES ('088b185f-1ff0-41e8-b290-1982177a5741', 'f7e710c7-2e9c-4925-a8d8-6a13def5fe41', '48621b08-2009-4c7e-aee4-bec4e0a9eecd', '2026-02-01', 200, 597, 597, NULL, '2026-02-01 08:52:06.069212+00', '2026-02-01 08:52:06.069212+00') ON CONFLICT DO NOTHING;
INSERT INTO public.position_snapshots (id, user_id, position_id, date, quantity, unit_value, cost_basis_per_unit, portfolio_record_id, created_at, updated_at) VALUES ('39925f04-b7aa-4cfa-b576-28e6af7c7803', 'f7e710c7-2e9c-4925-a8d8-6a13def5fe41', 'a93bb7de-264e-46b7-8af0-70eaa34b96dc', '2026-02-01', 22, 147, 95, NULL, '2026-02-01 08:52:06.432391+00', '2026-02-01 08:52:06.432391+00') ON CONFLICT DO NOTHING;
INSERT INTO public.position_snapshots (id, user_id, position_id, date, quantity, unit_value, cost_basis_per_unit, portfolio_record_id, created_at, updated_at) VALUES ('085711ad-a4ce-4578-a184-4c612b4e58e1', 'f7e710c7-2e9c-4925-a8d8-6a13def5fe41', '4852f410-ea7b-40fd-88a2-8f04ec6a0a5a', '2026-02-01', 8000, 1.01, 1, NULL, '2026-02-01 08:52:06.518796+00', '2026-02-01 08:52:06.518796+00') ON CONFLICT DO NOTHING;
INSERT INTO public.position_snapshots (id, user_id, position_id, date, quantity, unit_value, cost_basis_per_unit, portfolio_record_id, created_at, updated_at) VALUES ('09fe35db-a481-4603-a911-8b761de03a18', 'f7e710c7-2e9c-4925-a8d8-6a13def5fe41', 'e4c8fce4-641a-4267-a605-53d525ff7cf3', '2026-02-01', 4000, 1.01, 1, NULL, '2026-02-01 08:52:06.592533+00', '2026-02-01 08:52:06.592533+00') ON CONFLICT DO NOTHING;
INSERT INTO public.position_snapshots (id, user_id, position_id, date, quantity, unit_value, cost_basis_per_unit, portfolio_record_id, created_at, updated_at) VALUES ('d7d73025-39a9-42a7-a462-876006f60ee4', 'f7e710c7-2e9c-4925-a8d8-6a13def5fe41', '6ee6ecd1-001a-4541-9de1-86182cb0b3fa', '2026-02-01', 1, 310000, 280000, NULL, '2026-02-01 08:52:06.668349+00', '2026-02-01 08:52:06.668349+00') ON CONFLICT DO NOTHING;
INSERT INTO public.position_snapshots (id, user_id, position_id, date, quantity, unit_value, cost_basis_per_unit, portfolio_record_id, created_at, updated_at) VALUES ('127b96be-8a70-484b-bf57-9b8589bba1e3', 'f7e710c7-2e9c-4925-a8d8-6a13def5fe41', 'd7d82192-5595-44b2-9042-1f4e889b198d', '2026-02-01', 0.6, 89832.8203125, 89832.8203125, NULL, '2026-02-01 08:52:06.984273+00', '2026-02-01 08:52:06.984273+00') ON CONFLICT DO NOTHING;
INSERT INTO public.position_snapshots (id, user_id, position_id, date, quantity, unit_value, cost_basis_per_unit, portfolio_record_id, created_at, updated_at) VALUES ('c9065000-3d1f-4f44-b842-edff68e4813a', 'f7e710c7-2e9c-4925-a8d8-6a13def5fe41', '8a351b96-72e1-400f-bfa3-144ecb909231', '2026-02-01', 2.4, 3005.469970703125, 2100, NULL, '2026-02-01 08:52:07.36697+00', '2026-02-01 08:52:07.36697+00') ON CONFLICT DO NOTHING;
INSERT INTO public.position_snapshots (id, user_id, position_id, date, quantity, unit_value, cost_basis_per_unit, portfolio_record_id, created_at, updated_at) VALUES ('654c70cf-6125-44c2-b765-b4d1f15b92b7', 'f7e710c7-2e9c-4925-a8d8-6a13def5fe41', '898b2fea-896b-4041-805c-feeec5f02dcd', '2026-02-01', 12, 443.6000061035156, 175, NULL, '2026-02-01 08:52:07.891961+00', '2026-02-01 08:52:07.891961+00') ON CONFLICT DO NOTHING;
INSERT INTO public.position_snapshots (id, user_id, position_id, date, quantity, unit_value, cost_basis_per_unit, portfolio_record_id, created_at, updated_at) VALUES ('7bd1a75c-96c3-4094-9b7f-6e7ff2f16393', 'f7e710c7-2e9c-4925-a8d8-6a13def5fe41', '44350b6e-5277-4f49-a287-4bf702d7fd3f', '2026-02-01', 1, 20000, 18000, NULL, '2026-02-01 08:52:07.984086+00', '2026-02-01 08:52:07.984086+00') ON CONFLICT DO NOTHING;
INSERT INTO public.position_snapshots (id, user_id, position_id, date, quantity, unit_value, cost_basis_per_unit, portfolio_record_id, created_at, updated_at) VALUES ('bc389459-b257-4fc4-9f4a-cccac2df0c7f', 'f7e710c7-2e9c-4925-a8d8-6a13def5fe41', '48621b08-2009-4c7e-aee4-bec4e0a9eecd', '2022-01-01', 26.42, 575.05, 575.05, '8ce3dc9e-211c-4064-8c2b-6a9026a8e458', '2026-02-01 08:52:29.997629+00', '2026-02-01 08:52:29.997629+00') ON CONFLICT DO NOTHING;
INSERT INTO public.position_snapshots (id, user_id, position_id, date, quantity, unit_value, cost_basis_per_unit, portfolio_record_id, created_at, updated_at) VALUES ('0359d956-336b-4817-90df-f6e6ae0f8b6e', 'f7e710c7-2e9c-4925-a8d8-6a13def5fe41', '48621b08-2009-4c7e-aee4-bec4e0a9eecd', '2022-01-12', 35.95, 538.65, 565.4007093184979, '89d26d80-f118-41cc-ab93-a8250708f3ff', '2026-02-01 08:52:30.00447+00', '2026-02-01 08:52:30.00447+00') ON CONFLICT DO NOTHING;
INSERT INTO public.position_snapshots (id, user_id, position_id, date, quantity, unit_value, cost_basis_per_unit, portfolio_record_id, created_at, updated_at) VALUES ('a5a65054-1ed1-4478-b69b-450cfb682c99', 'f7e710c7-2e9c-4925-a8d8-6a13def5fe41', '48621b08-2009-4c7e-aee4-bec4e0a9eecd', '2022-11-19', 39.940000000000005, 546.37, 563.4995443164746, '2b3755c7-8354-4870-be62-a1ee5ec1676e', '2026-02-01 08:52:30.011251+00', '2026-02-01 08:52:30.011251+00') ON CONFLICT DO NOTHING;
INSERT INTO public.position_snapshots (id, user_id, position_id, date, quantity, unit_value, cost_basis_per_unit, portfolio_record_id, created_at, updated_at) VALUES ('581f4c4e-4c73-48cc-8733-8ec1e4e83375', 'f7e710c7-2e9c-4925-a8d8-6a13def5fe41', '48621b08-2009-4c7e-aee4-bec4e0a9eecd', '2023-03-13', 62.24000000000001, 485.75, 535.6426221079691, 'c0980f16-0577-4a78-a4a2-26513ef6c953', '2026-02-01 08:52:30.019375+00', '2026-02-01 08:52:30.019375+00') ON CONFLICT DO NOTHING;
INSERT INTO public.position_snapshots (id, user_id, position_id, date, quantity, unit_value, cost_basis_per_unit, portfolio_record_id, created_at, updated_at) VALUES ('57705bae-45ba-49e9-b3fb-7e8c832db617', 'f7e710c7-2e9c-4925-a8d8-6a13def5fe41', '48621b08-2009-4c7e-aee4-bec4e0a9eecd', '2023-06-12', 137.74, 597.47, 569.5323203136344, '8ff88b09-0ba6-460b-9cfc-57a2098023ab', '2026-02-01 08:52:30.027037+00', '2026-02-01 08:52:30.027037+00') ON CONFLICT DO NOTHING;
INSERT INTO public.position_snapshots (id, user_id, position_id, date, quantity, unit_value, cost_basis_per_unit, portfolio_record_id, created_at, updated_at) VALUES ('cf348524-cb4b-4701-be9a-c26438971b8f', 'f7e710c7-2e9c-4925-a8d8-6a13def5fe41', '48621b08-2009-4c7e-aee4-bec4e0a9eecd', '2023-06-13', 148.88, 549.68, 568.046863245567, 'baf64c1b-3544-407c-a2d3-4342110bd444', '2026-02-01 08:52:30.035011+00', '2026-02-01 08:52:30.035011+00') ON CONFLICT DO NOTHING;
INSERT INTO public.position_snapshots (id, user_id, position_id, date, quantity, unit_value, cost_basis_per_unit, portfolio_record_id, created_at, updated_at) VALUES ('553ae031-ccca-4582-93d1-5a9bba20a29a', 'f7e710c7-2e9c-4925-a8d8-6a13def5fe41', '48621b08-2009-4c7e-aee4-bec4e0a9eecd', '2023-09-03', 165.1, 499.86, 561.3479479103574, '686f3ed2-b42d-4124-8572-ee610cbe7b5e', '2026-02-01 08:52:30.040893+00', '2026-02-01 08:52:30.040893+00') ON CONFLICT DO NOTHING;
INSERT INTO public.position_snapshots (id, user_id, position_id, date, quantity, unit_value, cost_basis_per_unit, portfolio_record_id, created_at, updated_at) VALUES ('902e4a26-f1a2-4f5c-8e0e-61306745af42', 'f7e710c7-2e9c-4925-a8d8-6a13def5fe41', '48621b08-2009-4c7e-aee4-bec4e0a9eecd', '2023-12-28', 167.67, 514.71, 560.6330941730781, '25f4fe2d-af50-43d3-a283-60b8e4f8842c', '2026-02-01 08:52:30.049542+00', '2026-02-01 08:52:30.049542+00') ON CONFLICT DO NOTHING;
INSERT INTO public.position_snapshots (id, user_id, position_id, date, quantity, unit_value, cost_basis_per_unit, portfolio_record_id, created_at, updated_at) VALUES ('352f056c-8676-4aef-98c3-361c31fb4bce', 'f7e710c7-2e9c-4925-a8d8-6a13def5fe41', '48621b08-2009-4c7e-aee4-bec4e0a9eecd', '2024-03-31', 144.79999999999998, 571.1, 560.6330941730781, 'af6043d6-5dee-4993-917e-bdff7dae256b', '2026-02-01 08:52:30.05752+00', '2026-02-01 08:52:30.05752+00') ON CONFLICT DO NOTHING;
INSERT INTO public.position_snapshots (id, user_id, position_id, date, quantity, unit_value, cost_basis_per_unit, portfolio_record_id, created_at, updated_at) VALUES ('61048eea-3ecd-4435-b6e6-c102ac811a1a', 'f7e710c7-2e9c-4925-a8d8-6a13def5fe41', '48621b08-2009-4c7e-aee4-bec4e0a9eecd', '2024-06-05', 158.7, 608.43, 564.8194646267278, 'a25dd9eb-40e0-4a23-a449-a8027c0d3f74', '2026-02-01 08:52:30.065955+00', '2026-02-01 08:52:30.065955+00') ON CONFLICT DO NOTHING;
INSERT INTO public.position_snapshots (id, user_id, position_id, date, quantity, unit_value, cost_basis_per_unit, portfolio_record_id, created_at, updated_at) VALUES ('403ff61e-19ea-4ef5-b3b9-8e1a27a25bfe', 'f7e710c7-2e9c-4925-a8d8-6a13def5fe41', '48621b08-2009-4c7e-aee4-bec4e0a9eecd', '2024-12-10', 166.48, 581.77, 565.6116028127204, 'af625e79-765f-4b65-89c2-65f3c2ddac22', '2026-02-01 08:52:30.072881+00', '2026-02-01 08:52:30.072881+00') ON CONFLICT DO NOTHING;
INSERT INTO public.position_snapshots (id, user_id, position_id, date, quantity, unit_value, cost_basis_per_unit, portfolio_record_id, created_at, updated_at) VALUES ('2b0416a0-c418-41d1-81d1-5302f94a7d35', 'f7e710c7-2e9c-4925-a8d8-6a13def5fe41', '48621b08-2009-4c7e-aee4-bec4e0a9eecd', '2025-03-29', 193.35, 604.57, 571.0256815943196, '0f103c64-948f-4886-9b99-ffa8956c78d3', '2026-02-01 08:52:30.07886+00', '2026-02-01 08:52:30.07886+00') ON CONFLICT DO NOTHING;
INSERT INTO public.position_snapshots (id, user_id, position_id, date, quantity, unit_value, cost_basis_per_unit, portfolio_record_id, created_at, updated_at) VALUES ('2e643ae1-240d-43f2-a92e-6fee379edc12', 'f7e710c7-2e9c-4925-a8d8-6a13def5fe41', '48621b08-2009-4c7e-aee4-bec4e0a9eecd', '2025-06-08', 200.01, 551.89, 570.3884952565458, '1780b2d7-b01e-467a-b6c6-b10f84ff35b8', '2026-02-01 08:52:30.083577+00', '2026-02-01 08:52:30.083577+00') ON CONFLICT DO NOTHING;
INSERT INTO public.position_snapshots (id, user_id, position_id, date, quantity, unit_value, cost_basis_per_unit, portfolio_record_id, created_at, updated_at) VALUES ('b6650065-c429-443b-8bbe-def40f860cb4', 'f7e710c7-2e9c-4925-a8d8-6a13def5fe41', '48621b08-2009-4c7e-aee4-bec4e0a9eecd', '2025-09-08', 200, 546.17, 546.17, 'f34889a6-958b-4efb-a43d-00b96cfb353c', '2026-02-01 08:52:30.107882+00', '2026-02-01 08:52:30.107882+00') ON CONFLICT DO NOTHING;
INSERT INTO public.position_snapshots (id, user_id, position_id, date, quantity, unit_value, cost_basis_per_unit, portfolio_record_id, created_at, updated_at) VALUES ('ab0b0b9d-03fb-4d38-87e7-baa093b17cbd', 'f7e710c7-2e9c-4925-a8d8-6a13def5fe41', '48621b08-2009-4c7e-aee4-bec4e0a9eecd', '2025-12-08', 200, 628.73, 628.73, '61da6833-179d-45e0-a5f6-3edd7fef6bb2', '2026-02-01 08:52:30.130852+00', '2026-02-01 08:52:30.130852+00') ON CONFLICT DO NOTHING;
INSERT INTO public.position_snapshots (id, user_id, position_id, date, quantity, unit_value, cost_basis_per_unit, portfolio_record_id, created_at, updated_at) VALUES ('ef07f410-1bef-470e-84f1-3d1bd43a16d9', 'f7e710c7-2e9c-4925-a8d8-6a13def5fe41', 'e4c8fce4-641a-4267-a605-53d525ff7cf3', '2022-01-03', 783.54, 0.9481, 0.9481, '1562105e-25ef-4e09-be30-f2365a35939c', '2026-02-01 08:52:30.156086+00', '2026-02-01 08:52:30.156086+00') ON CONFLICT DO NOTHING;
INSERT INTO public.position_snapshots (id, user_id, position_id, date, quantity, unit_value, cost_basis_per_unit, portfolio_record_id, created_at, updated_at) VALUES ('54338b2a-bd2f-43ab-97a6-8b43ea3b9e18', 'f7e710c7-2e9c-4925-a8d8-6a13def5fe41', 'e4c8fce4-641a-4267-a605-53d525ff7cf3', '2022-01-06', 1989.4099999999999, 0.9637, 0.9575558547509061, 'fbf19218-5775-48c1-8bf2-bf9c9ea215f2', '2026-02-01 08:52:30.160826+00', '2026-02-01 08:52:30.160826+00') ON CONFLICT DO NOTHING;
INSERT INTO public.position_snapshots (id, user_id, position_id, date, quantity, unit_value, cost_basis_per_unit, portfolio_record_id, created_at, updated_at) VALUES ('2ed09ef1-20dc-4eb4-a8f3-6e3f8e5ebecb', 'f7e710c7-2e9c-4925-a8d8-6a13def5fe41', 'e4c8fce4-641a-4267-a605-53d525ff7cf3', '2022-07-08', 3264.6, 0.9778, 0.965463448814556, '509c0ede-8bf2-45e7-ba42-ee94d725f18f', '2026-02-01 08:52:30.166064+00', '2026-02-01 08:52:30.166064+00') ON CONFLICT DO NOTHING;
INSERT INTO public.position_snapshots (id, user_id, position_id, date, quantity, unit_value, cost_basis_per_unit, portfolio_record_id, created_at, updated_at) VALUES ('caee0ac5-d237-42c4-a0d5-73ae759b6db8', 'f7e710c7-2e9c-4925-a8d8-6a13def5fe41', 'e4c8fce4-641a-4267-a605-53d525ff7cf3', '2023-06-01', 3458.0299999999997, 0.9787, 0.9662038547959386, 'caa5bd98-fbe6-4672-ab7d-f412e145f5f9', '2026-02-01 08:52:30.171728+00', '2026-02-01 08:52:30.171728+00') ON CONFLICT DO NOTHING;
INSERT INTO public.position_snapshots (id, user_id, position_id, date, quantity, unit_value, cost_basis_per_unit, portfolio_record_id, created_at, updated_at) VALUES ('012e4dea-77ce-448c-8817-f4fa4d5544b3', 'f7e710c7-2e9c-4925-a8d8-6a13def5fe41', 'e4c8fce4-641a-4267-a605-53d525ff7cf3', '2023-10-01', 4165.349999999999, 0.9864, 0.9696333715053957, 'f8dd4a8d-1441-447e-aa2e-acadd40c3e31', '2026-02-01 08:52:30.176984+00', '2026-02-01 08:52:30.176984+00') ON CONFLICT DO NOTHING;
INSERT INTO public.position_snapshots (id, user_id, position_id, date, quantity, unit_value, cost_basis_per_unit, portfolio_record_id, created_at, updated_at) VALUES ('8414b629-300c-4e5a-ab3d-1c9655e4eede', 'f7e710c7-2e9c-4925-a8d8-6a13def5fe41', 'e4c8fce4-641a-4267-a605-53d525ff7cf3', '2023-11-29', 3999.9899999999993, 0.9902, 0.9696333715053957, 'ae296ec5-8d99-49a5-b3ff-f2ba47e50ceb', '2026-02-01 08:52:30.182711+00', '2026-02-01 08:52:30.182711+00') ON CONFLICT DO NOTHING;
INSERT INTO public.position_snapshots (id, user_id, position_id, date, quantity, unit_value, cost_basis_per_unit, portfolio_record_id, created_at, updated_at) VALUES ('a87616b6-bf79-4414-b6a2-f2cfed29e877', 'f7e710c7-2e9c-4925-a8d8-6a13def5fe41', 'e4c8fce4-641a-4267-a605-53d525ff7cf3', '2024-04-11', 4000, 0.9789, 0.9789, '8293c5e0-5ece-4f75-ad74-7c0aad203a65', '2026-02-01 08:52:30.206497+00', '2026-02-01 08:52:30.206497+00') ON CONFLICT DO NOTHING;
INSERT INTO public.position_snapshots (id, user_id, position_id, date, quantity, unit_value, cost_basis_per_unit, portfolio_record_id, created_at, updated_at) VALUES ('c3879eda-c4f7-4981-a1d0-ed9e58a850b7', 'f7e710c7-2e9c-4925-a8d8-6a13def5fe41', 'fddf0cc4-7c0e-45d7-baf2-60f39b70f0f7', '2022-01-10', 1.31, 7265.68, 7265.68, '5a3e1659-0b04-4126-85ec-f7ecf0f4d9cf', '2026-02-01 08:52:30.226308+00', '2026-02-01 08:52:30.226308+00') ON CONFLICT DO NOTHING;
INSERT INTO public.position_snapshots (id, user_id, position_id, date, quantity, unit_value, cost_basis_per_unit, portfolio_record_id, created_at, updated_at) VALUES ('7e4b9ece-0a34-49b7-a7bf-5aa574288ee6', 'f7e710c7-2e9c-4925-a8d8-6a13def5fe41', 'fddf0cc4-7c0e-45d7-baf2-60f39b70f0f7', '2022-12-19', 5.0600000000000005, 6653.2, 6811.766956521739, '94540c78-fd4b-4fd3-b43f-a50145888b62', '2026-02-01 08:52:30.230337+00', '2026-02-01 08:52:30.230337+00') ON CONFLICT DO NOTHING;
INSERT INTO public.position_snapshots (id, user_id, position_id, date, quantity, unit_value, cost_basis_per_unit, portfolio_record_id, created_at, updated_at) VALUES ('029ad29f-5c80-4ff6-8832-73dbe970bb87', 'f7e710c7-2e9c-4925-a8d8-6a13def5fe41', 'fddf0cc4-7c0e-45d7-baf2-60f39b70f0f7', '2023-01-28', 9.45, 5977.81, 6424.3520317460325, 'b6a5658f-8228-46f8-b01b-76892dd26a2c', '2026-02-01 08:52:30.234425+00', '2026-02-01 08:52:30.234425+00') ON CONFLICT DO NOTHING;
INSERT INTO public.position_snapshots (id, user_id, position_id, date, quantity, unit_value, cost_basis_per_unit, portfolio_record_id, created_at, updated_at) VALUES ('2bb9f270-e73e-463c-a631-95a7b011e541', 'f7e710c7-2e9c-4925-a8d8-6a13def5fe41', 'fddf0cc4-7c0e-45d7-baf2-60f39b70f0f7', '2023-06-26', 11.7, 6353.75, 6410.774717948718, 'd2e8f8aa-bf30-4156-b060-f4524d562333', '2026-02-01 08:52:30.238483+00', '2026-02-01 08:52:30.238483+00') ON CONFLICT DO NOTHING;
INSERT INTO public.position_snapshots (id, user_id, position_id, date, quantity, unit_value, cost_basis_per_unit, portfolio_record_id, created_at, updated_at) VALUES ('b5cdeda3-7a65-4891-b168-b58a1b80f610', 'f7e710c7-2e9c-4925-a8d8-6a13def5fe41', 'fddf0cc4-7c0e-45d7-baf2-60f39b70f0f7', '2023-07-30', 20.369999999999997, 6988.56, 6656.695110456555, '5ad1d231-b669-4e7f-860a-15706b117bca', '2026-02-01 08:52:30.242218+00', '2026-02-01 08:52:30.242218+00') ON CONFLICT DO NOTHING;
INSERT INTO public.position_snapshots (id, user_id, position_id, date, quantity, unit_value, cost_basis_per_unit, portfolio_record_id, created_at, updated_at) VALUES ('3d305421-a5fe-4c60-a828-b2905da59f2e', 'f7e710c7-2e9c-4925-a8d8-6a13def5fe41', 'fddf0cc4-7c0e-45d7-baf2-60f39b70f0f7', '2023-10-15', 4.579999999999998, 6198.3, 6656.695110456555, '4dea311f-b855-49aa-a715-b174ac2555c4', '2026-02-01 08:52:30.247614+00', '2026-02-01 08:52:30.247614+00') ON CONFLICT DO NOTHING;
INSERT INTO public.position_snapshots (id, user_id, position_id, date, quantity, unit_value, cost_basis_per_unit, portfolio_record_id, created_at, updated_at) VALUES ('2e7367ab-a9d8-4b56-8ed4-cb4c9d7c161d', 'f7e710c7-2e9c-4925-a8d8-6a13def5fe41', 'fddf0cc4-7c0e-45d7-baf2-60f39b70f0f7', '2023-10-27', 6.089999999999998, 6476.96, 6612.130247272746, 'd6282336-e14d-46b7-9374-a10118afbdb9', '2026-02-01 08:52:30.252516+00', '2026-02-01 08:52:30.252516+00') ON CONFLICT DO NOTHING;
INSERT INTO public.position_snapshots (id, user_id, position_id, date, quantity, unit_value, cost_basis_per_unit, portfolio_record_id, created_at, updated_at) VALUES ('c47225df-bbfe-4a8d-a18b-878f1467f89a', 'f7e710c7-2e9c-4925-a8d8-6a13def5fe41', 'fddf0cc4-7c0e-45d7-baf2-60f39b70f0f7', '2024-02-05', 7.089999999999998, 6461.68, 6590.910184187733, '6342a2a8-8100-4741-b065-5f3adede4138', '2026-02-01 08:52:30.257072+00', '2026-02-01 08:52:30.257072+00') ON CONFLICT DO NOTHING;
INSERT INTO public.position_snapshots (id, user_id, position_id, date, quantity, unit_value, cost_basis_per_unit, portfolio_record_id, created_at, updated_at) VALUES ('3c316661-e8f2-473b-927a-8695a0da3f52', 'f7e710c7-2e9c-4925-a8d8-6a13def5fe41', 'fddf0cc4-7c0e-45d7-baf2-60f39b70f0f7', '2024-02-15', 11.54, 6748.55, 6651.698501377037, 'a6baccbf-c104-4e76-870c-f6e64a13414e', '2026-02-01 08:52:30.262058+00', '2026-02-01 08:52:30.262058+00') ON CONFLICT DO NOTHING;
INSERT INTO public.position_snapshots (id, user_id, position_id, date, quantity, unit_value, cost_basis_per_unit, portfolio_record_id, created_at, updated_at) VALUES ('251d92ca-e94f-48a5-9e6d-6c9ff7518307', 'f7e710c7-2e9c-4925-a8d8-6a13def5fe41', 'fddf0cc4-7c0e-45d7-baf2-60f39b70f0f7', '2024-02-18', 27.77, 6057.28, 6304.2943862402235, 'b334edd9-7e0e-43fa-9473-8444a288f910', '2026-02-01 08:52:30.266611+00', '2026-02-01 08:52:30.266611+00') ON CONFLICT DO NOTHING;
INSERT INTO public.position_snapshots (id, user_id, position_id, date, quantity, unit_value, cost_basis_per_unit, portfolio_record_id, created_at, updated_at) VALUES ('136e9367-44d0-484b-ace5-3382d26428ea', 'f7e710c7-2e9c-4925-a8d8-6a13def5fe41', 'fddf0cc4-7c0e-45d7-baf2-60f39b70f0f7', '2024-03-04', 44.64, 5308.28, 5927.888411870318, '197cea15-85aa-4268-9f92-ea42d2d06405', '2026-02-01 08:52:30.271409+00', '2026-02-01 08:52:30.271409+00') ON CONFLICT DO NOTHING;
INSERT INTO public.position_snapshots (id, user_id, position_id, date, quantity, unit_value, cost_basis_per_unit, portfolio_record_id, created_at, updated_at) VALUES ('12e0035f-c284-4adc-8bc8-3a5bb8db7c5e', 'f7e710c7-2e9c-4925-a8d8-6a13def5fe41', 'fddf0cc4-7c0e-45d7-baf2-60f39b70f0f7', '2024-06-10', 48.43, 6035.94, 5936.3442350999585, '99d0f062-1d9c-4c8c-99ac-2b54b729db3e', '2026-02-01 08:52:30.275741+00', '2026-02-01 08:52:30.275741+00') ON CONFLICT DO NOTHING;
INSERT INTO public.position_snapshots (id, user_id, position_id, date, quantity, unit_value, cost_basis_per_unit, portfolio_record_id, created_at, updated_at) VALUES ('d62226bc-9077-43a8-8be3-9210d971bfff', 'f7e710c7-2e9c-4925-a8d8-6a13def5fe41', 'fddf0cc4-7c0e-45d7-baf2-60f39b70f0f7', '2024-06-25', 53.89, 5035.06, 5845.0283708645575, '0da86f4a-308c-4883-87f2-3d76a2931b31', '2026-02-01 08:52:30.279773+00', '2026-02-01 08:52:30.279773+00') ON CONFLICT DO NOTHING;
INSERT INTO public.position_snapshots (id, user_id, position_id, date, quantity, unit_value, cost_basis_per_unit, portfolio_record_id, created_at, updated_at) VALUES ('e49d6db8-60ed-4bf6-996a-4f8d800bebde', 'f7e710c7-2e9c-4925-a8d8-6a13def5fe41', 'fddf0cc4-7c0e-45d7-baf2-60f39b70f0f7', '2024-09-04', 56.9, 5529.1, 5828.315815569262, '1cb16bd4-03f4-432f-8ce6-e1eb763e6134', '2026-02-01 08:52:30.283654+00', '2026-02-01 08:52:30.283654+00') ON CONFLICT DO NOTHING;
INSERT INTO public.position_snapshots (id, user_id, position_id, date, quantity, unit_value, cost_basis_per_unit, portfolio_record_id, created_at, updated_at) VALUES ('61482659-e590-4059-9090-421715136fec', 'f7e710c7-2e9c-4925-a8d8-6a13def5fe41', 'fddf0cc4-7c0e-45d7-baf2-60f39b70f0f7', '2024-09-11', 54.28, 5507.27, 5828.315815569262, '2c58bc95-f4f6-4aa1-b0ce-5f0685750c61', '2026-02-01 08:52:30.287886+00', '2026-02-01 08:52:30.287886+00') ON CONFLICT DO NOTHING;
INSERT INTO public.position_snapshots (id, user_id, position_id, date, quantity, unit_value, cost_basis_per_unit, portfolio_record_id, created_at, updated_at) VALUES ('17c683e6-0e95-4d26-9493-1308f59d0a44', 'f7e710c7-2e9c-4925-a8d8-6a13def5fe41', 'fddf0cc4-7c0e-45d7-baf2-60f39b70f0f7', '2024-09-12', 66.35, 5200.06, 5714.027229376029, 'f37c3249-9454-4915-a288-5b95488aaa76', '2026-02-01 08:52:30.292345+00', '2026-02-01 08:52:30.292345+00') ON CONFLICT DO NOTHING;
INSERT INTO public.position_snapshots (id, user_id, position_id, date, quantity, unit_value, cost_basis_per_unit, portfolio_record_id, created_at, updated_at) VALUES ('913e0dca-bcc6-40ac-b5d8-06d181115954', 'f7e710c7-2e9c-4925-a8d8-6a13def5fe41', 'fddf0cc4-7c0e-45d7-baf2-60f39b70f0f7', '2024-09-22', 69.33, 5010.52, 5683.788493712672, '95883f81-4813-42bb-b78f-dca7b1f786ac', '2026-02-01 08:52:30.297087+00', '2026-02-01 08:52:30.297087+00') ON CONFLICT DO NOTHING;
INSERT INTO public.position_snapshots (id, user_id, position_id, date, quantity, unit_value, cost_basis_per_unit, portfolio_record_id, created_at, updated_at) VALUES ('a1a13750-2b4e-4f8e-9710-40a3d9a3e6a4', 'f7e710c7-2e9c-4925-a8d8-6a13def5fe41', 'fddf0cc4-7c0e-45d7-baf2-60f39b70f0f7', '2024-12-07', 87.61, 5246.52, 5592.551556547192, 'ddf7b96d-ac78-4ca3-92bf-65f60824ae63', '2026-02-01 08:52:30.302239+00', '2026-02-01 08:52:30.302239+00') ON CONFLICT DO NOTHING;
INSERT INTO public.position_snapshots (id, user_id, position_id, date, quantity, unit_value, cost_basis_per_unit, portfolio_record_id, created_at, updated_at) VALUES ('1e8b659a-f31f-466d-94fb-dc900846b8af', 'f7e710c7-2e9c-4925-a8d8-6a13def5fe41', 'fddf0cc4-7c0e-45d7-baf2-60f39b70f0f7', '2025-04-27', 106.15, 5092.57, 5505.225526793212, 'd0bcff2d-ce40-47e6-a635-ac7b4f5761a8', '2026-02-01 08:52:30.307317+00', '2026-02-01 08:52:30.307317+00') ON CONFLICT DO NOTHING;
INSERT INTO public.position_snapshots (id, user_id, position_id, date, quantity, unit_value, cost_basis_per_unit, portfolio_record_id, created_at, updated_at) VALUES ('0829894f-d85b-4b01-924e-5f233b453595', 'f7e710c7-2e9c-4925-a8d8-6a13def5fe41', 'fddf0cc4-7c0e-45d7-baf2-60f39b70f0f7', '2025-04-28', 115, 4683.72, 5442.005318861735, '399a5ec3-b58d-40d1-b68f-dc78d933d99c', '2026-02-01 08:52:30.312314+00', '2026-02-01 08:52:30.312314+00') ON CONFLICT DO NOTHING;
INSERT INTO public.position_snapshots (id, user_id, position_id, date, quantity, unit_value, cost_basis_per_unit, portfolio_record_id, created_at, updated_at) VALUES ('885bece3-c213-4fc4-a11e-47923c5e803c', 'f7e710c7-2e9c-4925-a8d8-6a13def5fe41', 'fddf0cc4-7c0e-45d7-baf2-60f39b70f0f7', '2025-06-11', 117.92, 4507.45, 5418.86334522642, 'bc18334b-07db-4880-aede-b04388a6e08f', '2026-02-01 08:52:30.317591+00', '2026-02-01 08:52:30.317591+00') ON CONFLICT DO NOTHING;
INSERT INTO public.position_snapshots (id, user_id, position_id, date, quantity, unit_value, cost_basis_per_unit, portfolio_record_id, created_at, updated_at) VALUES ('97879bdd-e8fd-47fb-ae41-5149543b93ce', 'f7e710c7-2e9c-4925-a8d8-6a13def5fe41', 'fddf0cc4-7c0e-45d7-baf2-60f39b70f0f7', '2025-07-03', 118.92, 4409.87, 5410.3787055928315, '5c4a57b8-ad59-415c-9808-a743eb49910a', '2026-02-01 08:52:30.32319+00', '2026-02-01 08:52:30.32319+00') ON CONFLICT DO NOTHING;
INSERT INTO public.position_snapshots (id, user_id, position_id, date, quantity, unit_value, cost_basis_per_unit, portfolio_record_id, created_at, updated_at) VALUES ('e267e81c-fe82-47ab-bce4-368fb72ab7e2', 'f7e710c7-2e9c-4925-a8d8-6a13def5fe41', 'fddf0cc4-7c0e-45d7-baf2-60f39b70f0f7', '2025-08-30', 119.99, 4509.56, 5402.345736053833, '7de50f28-aad2-49de-ae25-7f5fe1a1459d', '2026-02-01 08:52:30.327791+00', '2026-02-01 08:52:30.327791+00') ON CONFLICT DO NOTHING;
INSERT INTO public.position_snapshots (id, user_id, position_id, date, quantity, unit_value, cost_basis_per_unit, portfolio_record_id, created_at, updated_at) VALUES ('48da1928-3542-4ba9-afa5-1c7c03c07be4', 'f7e710c7-2e9c-4925-a8d8-6a13def5fe41', '6ee6ecd1-001a-4541-9de1-86182cb0b3fa', '2023-07-29', 1, 265700.11, 265700.11, '1459dacf-51e9-4492-bad4-37d3302e3d1c', '2026-02-01 08:52:30.522432+00', '2026-02-01 08:52:30.522432+00') ON CONFLICT DO NOTHING;
INSERT INTO public.position_snapshots (id, user_id, position_id, date, quantity, unit_value, cost_basis_per_unit, portfolio_record_id, created_at, updated_at) VALUES ('b13fe234-3637-469b-8069-7d5ca61ef13f', 'f7e710c7-2e9c-4925-a8d8-6a13def5fe41', '6ee6ecd1-001a-4541-9de1-86182cb0b3fa', '2024-07-21', 1, 308862.6, 308862.6, '9fac9e1a-efb1-4aff-8899-494df5d2cca5', '2026-02-01 08:52:30.684036+00', '2026-02-01 08:52:30.684036+00') ON CONFLICT DO NOTHING;
INSERT INTO public.position_snapshots (id, user_id, position_id, date, quantity, unit_value, cost_basis_per_unit, portfolio_record_id, created_at, updated_at) VALUES ('d482e08d-0809-4db0-9f14-fe74ad707017', 'f7e710c7-2e9c-4925-a8d8-6a13def5fe41', '4b0f79d8-88d3-45e9-8b78-b1c0efe9ced6', '2024-05-15', 14.16, 271.31, 270.0242302259887, '2646ff86-987e-4da9-9585-e9ead76083f1', '2026-02-01 08:52:30.773298+00', '2026-02-01 08:52:30.773298+00') ON CONFLICT DO NOTHING;
INSERT INTO public.position_snapshots (id, user_id, position_id, date, quantity, unit_value, cost_basis_per_unit, portfolio_record_id, created_at, updated_at) VALUES ('684ac623-4ad7-4214-a713-ea616bfc434b', 'f7e710c7-2e9c-4925-a8d8-6a13def5fe41', '4a962e75-0785-4e85-b365-6ca88db8a07e', '2023-04-22', 9, 384.85, 354.3015555555555, '87055037-12c0-432a-81a8-d5522f854c7c', '2026-02-01 08:52:30.933769+00', '2026-02-01 08:52:30.933769+00') ON CONFLICT DO NOTHING;
INSERT INTO public.position_snapshots (id, user_id, position_id, date, quantity, unit_value, cost_basis_per_unit, portfolio_record_id, created_at, updated_at) VALUES ('40eed5ef-7bdc-47ca-9e68-087b40f4b509', 'f7e710c7-2e9c-4925-a8d8-6a13def5fe41', '783a1cd3-d79b-4932-882f-580ae323adb4', '2022-08-15', 22940.3, 1, 1, '8c3cebd9-eb39-4935-96f6-4db0c7ca3bae', '2026-02-01 08:52:31.188373+00', '2026-02-01 08:52:31.188373+00') ON CONFLICT DO NOTHING;
INSERT INTO public.position_snapshots (id, user_id, position_id, date, quantity, unit_value, cost_basis_per_unit, portfolio_record_id, created_at, updated_at) VALUES ('e19c8fff-1b85-442e-8d53-d4b1321f911f', 'f7e710c7-2e9c-4925-a8d8-6a13def5fe41', 'd7d82192-5595-44b2-9042-1f4e889b198d', '2024-09-03', 0.4591, 84910.58, 87920.70791984319, 'e7ecae91-f7b5-4724-b878-d71d53543b8d', '2026-02-01 08:52:31.379968+00', '2026-02-01 08:52:31.379968+00') ON CONFLICT DO NOTHING;
INSERT INTO public.position_snapshots (id, user_id, position_id, date, quantity, unit_value, cost_basis_per_unit, portfolio_record_id, created_at, updated_at) VALUES ('9f6bb4f1-e68a-4435-8511-9e52191f790b', 'f7e710c7-2e9c-4925-a8d8-6a13def5fe41', '4852f410-ea7b-40fd-88a2-8f04ec6a0a5a', '2024-03-10', 4801.389999999999, 0.9564, 0.9708028643788572, '70624640-b15c-4b88-b572-bb2a7ea88c03', '2026-02-01 08:52:31.505302+00', '2026-02-01 08:52:31.505302+00') ON CONFLICT DO NOTHING;
INSERT INTO public.position_snapshots (id, user_id, position_id, date, quantity, unit_value, cost_basis_per_unit, portfolio_record_id, created_at, updated_at) VALUES ('d5a0b8ac-616a-4366-a0dd-9bad60dc4df9', 'f7e710c7-2e9c-4925-a8d8-6a13def5fe41', '8bc59f8d-62a7-40e1-9cc8-e7647e6a1c4c', '2025-07-20', 29883.43, 1, 1, '06504507-9e30-4c3c-a145-e1fe7a75eb33', '2026-02-01 08:52:31.63456+00', '2026-02-01 08:52:31.63456+00') ON CONFLICT DO NOTHING;
INSERT INTO public.position_snapshots (id, user_id, position_id, date, quantity, unit_value, cost_basis_per_unit, portfolio_record_id, created_at, updated_at) VALUES ('a05e9bb7-bb04-4e99-890b-8440fe2aad41', 'f7e710c7-2e9c-4925-a8d8-6a13def5fe41', 'fddf0cc4-7c0e-45d7-baf2-60f39b70f0f7', '2025-10-26', 120, 4500.76, 4500.76, '6abf827b-7f2a-4509-9a76-55c394f32833', '2026-02-01 08:52:30.351246+00', '2026-02-01 08:52:30.351246+00') ON CONFLICT DO NOTHING;
INSERT INTO public.position_snapshots (id, user_id, position_id, date, quantity, unit_value, cost_basis_per_unit, portfolio_record_id, created_at, updated_at) VALUES ('7868e601-896d-4edc-a976-f330597b772e', 'f7e710c7-2e9c-4925-a8d8-6a13def5fe41', '6ee6ecd1-001a-4541-9de1-86182cb0b3fa', '2023-08-29', 1, 278625.7, 278625.7, 'eac1a8d2-143b-4aba-bf8b-d137eb18533b', '2026-02-01 08:52:30.540786+00', '2026-02-01 08:52:30.540786+00') ON CONFLICT DO NOTHING;
INSERT INTO public.position_snapshots (id, user_id, position_id, date, quantity, unit_value, cost_basis_per_unit, portfolio_record_id, created_at, updated_at) VALUES ('0b2f7793-ad4f-45a0-8e7e-3535c54f176e', 'f7e710c7-2e9c-4925-a8d8-6a13def5fe41', '6ee6ecd1-001a-4541-9de1-86182cb0b3fa', '2024-07-29', 1, 297998.1, 297998.1, '90c4b427-d522-40b0-a5c3-b796f71e61f3', '2026-02-01 08:52:30.701584+00', '2026-02-01 08:52:30.701584+00') ON CONFLICT DO NOTHING;
INSERT INTO public.position_snapshots (id, user_id, position_id, date, quantity, unit_value, cost_basis_per_unit, portfolio_record_id, created_at, updated_at) VALUES ('1902dc88-decd-45de-9ca3-1d2297459044', 'f7e710c7-2e9c-4925-a8d8-6a13def5fe41', '4b0f79d8-88d3-45e9-8b78-b1c0efe9ced6', '2025-08-03', 18.000000000000004, 433.28, 288.7012996678462, '1d40403e-633a-4df1-b011-8f8525146fa4', '2026-02-01 08:52:30.793015+00', '2026-02-01 08:52:30.793015+00') ON CONFLICT DO NOTHING;
INSERT INTO public.position_snapshots (id, user_id, position_id, date, quantity, unit_value, cost_basis_per_unit, portfolio_record_id, created_at, updated_at) VALUES ('09561441-ca7b-4b31-bb76-e69f5e1365fc', 'f7e710c7-2e9c-4925-a8d8-6a13def5fe41', '8a351b96-72e1-400f-bfa3-144ecb909231', '2022-03-29', 0.8694999999999999, 1937.52, 1830.6272662449683, '53f6207b-2c16-4471-a27e-96b6ccf2b756', '2026-02-01 08:52:30.847005+00', '2026-02-01 08:52:30.847005+00') ON CONFLICT DO NOTHING;
INSERT INTO public.position_snapshots (id, user_id, position_id, date, quantity, unit_value, cost_basis_per_unit, portfolio_record_id, created_at, updated_at) VALUES ('7588fb72-95bd-412e-9fc6-f3e07cfbd6e1', 'f7e710c7-2e9c-4925-a8d8-6a13def5fe41', '4a962e75-0785-4e85-b365-6ca88db8a07e', '2024-06-27', 16.259999999999998, 619.69, 438.66539975399763, '73219aca-3b9b-4e0f-a08e-f7e9163c9f55', '2026-02-01 08:52:30.957826+00', '2026-02-01 08:52:30.957826+00') ON CONFLICT DO NOTHING;
INSERT INTO public.position_snapshots (id, user_id, position_id, date, quantity, unit_value, cost_basis_per_unit, portfolio_record_id, created_at, updated_at) VALUES ('0a82166c-a54a-4756-8fce-3ddbe1ead092', 'f7e710c7-2e9c-4925-a8d8-6a13def5fe41', '3f273f7e-b950-457c-96f3-8964e4e60c1d', '2023-01-20', 13.16, 127.2, 117.1732142857143, '8b5a61fe-a44e-48c1-97f0-a8e947f23fa9', '2026-02-01 08:52:31.021808+00', '2026-02-01 08:52:31.021808+00') ON CONFLICT DO NOTHING;
INSERT INTO public.position_snapshots (id, user_id, position_id, date, quantity, unit_value, cost_basis_per_unit, portfolio_record_id, created_at, updated_at) VALUES ('b545ba48-22df-415b-b11e-f75217cbbeee', 'f7e710c7-2e9c-4925-a8d8-6a13def5fe41', '783a1cd3-d79b-4932-882f-580ae323adb4', '2024-05-11', 24301.71, 1, 1, '3321f20d-1137-4fa3-b798-7ff72bae9391', '2026-02-01 08:52:31.213313+00', '2026-02-01 08:52:31.213313+00') ON CONFLICT DO NOTHING;
INSERT INTO public.position_snapshots (id, user_id, position_id, date, quantity, unit_value, cost_basis_per_unit, portfolio_record_id, created_at, updated_at) VALUES ('10eed536-2e69-45ca-8bf6-2876a0d3c68d', 'f7e710c7-2e9c-4925-a8d8-6a13def5fe41', 'd7d82192-5595-44b2-9042-1f4e889b198d', '2024-02-01', 0.1825, 78704.62, 81016.12356164384, '9a947a1d-b971-40ff-b55b-d708f697a4c6', '2026-02-01 08:52:31.359587+00', '2026-02-01 08:52:31.359587+00') ON CONFLICT DO NOTHING;
INSERT INTO public.position_snapshots (id, user_id, position_id, date, quantity, unit_value, cost_basis_per_unit, portfolio_record_id, created_at, updated_at) VALUES ('6fe88735-38d6-47db-b97b-fc47cb84a52d', 'f7e710c7-2e9c-4925-a8d8-6a13def5fe41', '898b2fea-896b-4041-805c-feeec5f02dcd', '2024-07-19', 3.5999999999999996, 269.75, 185.81124168514415, 'b548e0e9-98e8-4ee8-bc02-1995daf4e959', '2026-02-01 08:52:31.438646+00', '2026-02-01 08:52:31.438646+00') ON CONFLICT DO NOTHING;
INSERT INTO public.position_snapshots (id, user_id, position_id, date, quantity, unit_value, cost_basis_per_unit, portfolio_record_id, created_at, updated_at) VALUES ('7fcb28df-56ba-4d55-8329-38eb7a977c35', 'f7e710c7-2e9c-4925-a8d8-6a13def5fe41', '8bc59f8d-62a7-40e1-9cc8-e7647e6a1c4c', '2025-09-17', 25704.24, 1, 1, 'c1e61384-2300-4afe-8299-80e83cd7527c', '2026-02-01 08:52:31.657853+00', '2026-02-01 08:52:31.657853+00') ON CONFLICT DO NOTHING;
INSERT INTO public.position_snapshots (id, user_id, position_id, date, quantity, unit_value, cost_basis_per_unit, portfolio_record_id, created_at, updated_at) VALUES ('810210df-dace-4664-a1be-a31e56d102a9', 'f7e710c7-2e9c-4925-a8d8-6a13def5fe41', 'a93bb7de-264e-46b7-8af0-70eaa34b96dc', '2023-11-03', 13.15, 109.31, 104.57831939163499, 'dc4b78c2-8345-48ce-98f6-87a9debb6fb4', '2026-02-01 08:52:31.712479+00', '2026-02-01 08:52:31.712479+00') ON CONFLICT DO NOTHING;
INSERT INTO public.position_snapshots (id, user_id, position_id, date, quantity, unit_value, cost_basis_per_unit, portfolio_record_id, created_at, updated_at) VALUES ('debe9598-efba-4dd6-ac86-bc7866c4e280', 'f7e710c7-2e9c-4925-a8d8-6a13def5fe41', 'fddf0cc4-7c0e-45d7-baf2-60f39b70f0f7', '2025-11-11', 120, 4430.39, 4430.39, '4d7015dc-132a-4725-abdd-7fcba6ea408a', '2026-02-01 08:52:30.370448+00', '2026-02-01 08:52:30.370448+00') ON CONFLICT DO NOTHING;
INSERT INTO public.position_snapshots (id, user_id, position_id, date, quantity, unit_value, cost_basis_per_unit, portfolio_record_id, created_at, updated_at) VALUES ('e931fa16-42af-40fc-b45c-ac27755fac60', 'f7e710c7-2e9c-4925-a8d8-6a13def5fe41', '6ee6ecd1-001a-4541-9de1-86182cb0b3fa', '2023-09-29', 1, 279434.81, 279434.81, 'a51dbaaa-4204-4b63-b392-0ea1ca79258c', '2026-02-01 08:52:30.55795+00', '2026-02-01 08:52:30.55795+00') ON CONFLICT DO NOTHING;
INSERT INTO public.position_snapshots (id, user_id, position_id, date, quantity, unit_value, cost_basis_per_unit, portfolio_record_id, created_at, updated_at) VALUES ('5476f8ac-e834-49d2-8dc2-e186fb02af35', 'f7e710c7-2e9c-4925-a8d8-6a13def5fe41', '6ee6ecd1-001a-4541-9de1-86182cb0b3fa', '2024-08-28', 1, 303484.77, 303484.77, '7cbb059e-93f7-460a-a1e6-8e4c239fd23a', '2026-02-01 08:52:30.722044+00', '2026-02-01 08:52:30.722044+00') ON CONFLICT DO NOTHING;
INSERT INTO public.position_snapshots (id, user_id, position_id, date, quantity, unit_value, cost_basis_per_unit, portfolio_record_id, created_at, updated_at) VALUES ('f1702787-dadb-4b7f-b1d6-6ef9c7ed866f', 'f7e710c7-2e9c-4925-a8d8-6a13def5fe41', '4b0f79d8-88d3-45e9-8b78-b1c0efe9ced6', '2023-11-17', 7.24, 325.71, 268.7952900552486, '8c770f1c-1d40-486d-a049-2cc8c334a108', '2026-02-01 08:52:30.767574+00', '2026-02-01 08:52:30.767574+00') ON CONFLICT DO NOTHING;
INSERT INTO public.position_snapshots (id, user_id, position_id, date, quantity, unit_value, cost_basis_per_unit, portfolio_record_id, created_at, updated_at) VALUES ('7523760e-2861-4f9d-bcf9-91dccc63cda6', 'f7e710c7-2e9c-4925-a8d8-6a13def5fe41', '4b0f79d8-88d3-45e9-8b78-b1c0efe9ced6', '2025-12-02', 18, 440.1, 440.1, 'ee8a81d0-b9c1-4066-9e6f-cc41c0dd406a', '2026-02-01 08:52:30.815349+00', '2026-02-01 08:52:30.815349+00') ON CONFLICT DO NOTHING;
INSERT INTO public.position_snapshots (id, user_id, position_id, date, quantity, unit_value, cost_basis_per_unit, portfolio_record_id, created_at, updated_at) VALUES ('fbd0760a-7016-4a25-ae0e-cc2adc15c66e', 'f7e710c7-2e9c-4925-a8d8-6a13def5fe41', '8a351b96-72e1-400f-bfa3-144ecb909231', '2024-04-22', 2.4, 2861.96, 2451.543868872594, 'cfa72ff2-dec1-4c68-b770-580917387255', '2026-02-01 08:52:30.86705+00', '2026-02-01 08:52:30.86705+00') ON CONFLICT DO NOTHING;
INSERT INTO public.position_snapshots (id, user_id, position_id, date, quantity, unit_value, cost_basis_per_unit, portfolio_record_id, created_at, updated_at) VALUES ('2578d54a-1133-42bf-b821-60d84733bc81', 'f7e710c7-2e9c-4925-a8d8-6a13def5fe41', '4a962e75-0785-4e85-b365-6ca88db8a07e', '2023-04-13', 4.39, 333.89, 322.2222095671982, '560dd873-eeed-4d85-b1d5-ecc8e4650ef1', '2026-02-01 08:52:30.928609+00', '2026-02-01 08:52:30.928609+00') ON CONFLICT DO NOTHING;
INSERT INTO public.position_snapshots (id, user_id, position_id, date, quantity, unit_value, cost_basis_per_unit, portfolio_record_id, created_at, updated_at) VALUES ('caf434c1-6a43-49dd-95bc-bfa8d3425f5f', 'f7e710c7-2e9c-4925-a8d8-6a13def5fe41', '4a962e75-0785-4e85-b365-6ca88db8a07e', '2024-07-14', 15, 670.86, 670.86, 'c5c26934-ff0b-41bd-90ff-81d59e5ab2a2', '2026-02-01 08:52:30.986725+00', '2026-02-01 08:52:30.986725+00') ON CONFLICT DO NOTHING;
INSERT INTO public.position_snapshots (id, user_id, position_id, date, quantity, unit_value, cost_basis_per_unit, portfolio_record_id, created_at, updated_at) VALUES ('c5031f54-77b9-49f0-a9bd-9e1a0e2fed8d', 'f7e710c7-2e9c-4925-a8d8-6a13def5fe41', '3f273f7e-b950-457c-96f3-8964e4e60c1d', '2025-10-03', 30.55, 209.83, 157.29843535188218, 'b362267c-868a-4cde-8b2a-e05945cdc767', '2026-02-01 08:52:31.042644+00', '2026-02-01 08:52:31.042644+00') ON CONFLICT DO NOTHING;
INSERT INTO public.position_snapshots (id, user_id, position_id, date, quantity, unit_value, cost_basis_per_unit, portfolio_record_id, created_at, updated_at) VALUES ('76ba237b-aaea-4805-b10d-d00a838b5ecf', 'f7e710c7-2e9c-4925-a8d8-6a13def5fe41', '783a1cd3-d79b-4932-882f-580ae323adb4', '2024-08-27', 26941.68, 1, 1, '61b56c15-22fa-429f-bc94-0293c840c6fb', '2026-02-01 08:52:31.240736+00', '2026-02-01 08:52:31.240736+00') ON CONFLICT DO NOTHING;
INSERT INTO public.position_snapshots (id, user_id, position_id, date, quantity, unit_value, cost_basis_per_unit, portfolio_record_id, created_at, updated_at) VALUES ('a662ce07-6466-4c8e-8acb-7c252b86343e', 'f7e710c7-2e9c-4925-a8d8-6a13def5fe41', 'd7d82192-5595-44b2-9042-1f4e889b198d', '2024-07-11', 0.3743, 97263.03, 88602.67117819932, '778b3092-495b-4d33-bfe7-a108fd64208d', '2026-02-01 08:52:31.375392+00', '2026-02-01 08:52:31.375392+00') ON CONFLICT DO NOTHING;
INSERT INTO public.position_snapshots (id, user_id, position_id, date, quantity, unit_value, cost_basis_per_unit, portfolio_record_id, created_at, updated_at) VALUES ('b749838c-2d74-447e-a395-432d238759aa', 'f7e710c7-2e9c-4925-a8d8-6a13def5fe41', '4852f410-ea7b-40fd-88a2-8f04ec6a0a5a', '2023-08-18', 3495.31, 0.9691, 0.9761847312541664, '3d66a3cd-8559-46c0-944d-86ae4b18eea7', '2026-02-01 08:52:31.501505+00', '2026-02-01 08:52:31.501505+00') ON CONFLICT DO NOTHING;
INSERT INTO public.position_snapshots (id, user_id, position_id, date, quantity, unit_value, cost_basis_per_unit, portfolio_record_id, created_at, updated_at) VALUES ('76d3861a-0195-4012-af04-b9ce4818b2e4', 'f7e710c7-2e9c-4925-a8d8-6a13def5fe41', '8bc59f8d-62a7-40e1-9cc8-e7647e6a1c4c', '2025-12-02', 25000, 1, 1, 'fb991a10-61fc-4ad2-aa51-772c100799b0', '2026-02-01 08:52:31.68172+00', '2026-02-01 08:52:31.68172+00') ON CONFLICT DO NOTHING;
INSERT INTO public.position_snapshots (id, user_id, position_id, date, quantity, unit_value, cost_basis_per_unit, portfolio_record_id, created_at, updated_at) VALUES ('467f2ea7-1820-415a-825f-e97240a72f0c', 'f7e710c7-2e9c-4925-a8d8-6a13def5fe41', 'a93bb7de-264e-46b7-8af0-70eaa34b96dc', '2025-01-18', 22, 125.34, 111.43555454545454, 'df3b25a7-2efb-476f-95c0-c72ee7399450', '2026-02-01 08:52:31.728563+00', '2026-02-01 08:52:31.728563+00') ON CONFLICT DO NOTHING;
INSERT INTO public.position_snapshots (id, user_id, position_id, date, quantity, unit_value, cost_basis_per_unit, portfolio_record_id, created_at, updated_at) VALUES ('b723e0c1-e62b-495a-96fb-1f49f8eda670', 'f7e710c7-2e9c-4925-a8d8-6a13def5fe41', '6ee6ecd1-001a-4541-9de1-86182cb0b3fa', '2022-01-31', 1, 241355.27, 241355.27, '6533b779-658e-4878-b522-34b66d017940', '2026-02-01 08:52:30.388715+00', '2026-02-01 08:52:30.388715+00') ON CONFLICT DO NOTHING;
INSERT INTO public.position_snapshots (id, user_id, position_id, date, quantity, unit_value, cost_basis_per_unit, portfolio_record_id, created_at, updated_at) VALUES ('73307964-4d58-466c-8fc0-c843194a620a', 'f7e710c7-2e9c-4925-a8d8-6a13def5fe41', '6ee6ecd1-001a-4541-9de1-86182cb0b3fa', '2023-10-28', 1, 280310.89, 280310.89, 'cd7fec25-52e4-4eb1-8dbd-446c4f8e0845', '2026-02-01 08:52:30.575637+00', '2026-02-01 08:52:30.575637+00') ON CONFLICT DO NOTHING;
INSERT INTO public.position_snapshots (id, user_id, position_id, date, quantity, unit_value, cost_basis_per_unit, portfolio_record_id, created_at, updated_at) VALUES ('56a28385-8887-4f63-b61d-e532e1a6bb9c', 'f7e710c7-2e9c-4925-a8d8-6a13def5fe41', '6ee6ecd1-001a-4541-9de1-86182cb0b3fa', '2024-09-29', 1, 297521.82, 297521.82, '9f9e19ce-89b9-4047-b929-b295afe9387e', '2026-02-01 08:52:30.739789+00', '2026-02-01 08:52:30.739789+00') ON CONFLICT DO NOTHING;
INSERT INTO public.position_snapshots (id, user_id, position_id, date, quantity, unit_value, cost_basis_per_unit, portfolio_record_id, created_at, updated_at) VALUES ('d78b8ee0-6cfd-459a-b8e5-0dd2b29b1623', 'f7e710c7-2e9c-4925-a8d8-6a13def5fe41', '4b0f79d8-88d3-45e9-8b78-b1c0efe9ced6', '2025-06-19', 18.200000000000003, 393.03, 288.7012996678462, '3632df0a-e900-49f3-b9ef-d987a465649f', '2026-02-01 08:52:30.788634+00', '2026-02-01 08:52:30.788634+00') ON CONFLICT DO NOTHING;
INSERT INTO public.position_snapshots (id, user_id, position_id, date, quantity, unit_value, cost_basis_per_unit, portfolio_record_id, created_at, updated_at) VALUES ('114e67ea-0fc8-4ded-aca1-b1fa443822ec', 'f7e710c7-2e9c-4925-a8d8-6a13def5fe41', '8a351b96-72e1-400f-bfa3-144ecb909231', '2022-02-27', 0.2474, 1561.84, 1561.84, '0447d0f8-466a-4b77-b1c3-4de071c9750b', '2026-02-01 08:52:30.842112+00', '2026-02-01 08:52:30.842112+00') ON CONFLICT DO NOTHING;
INSERT INTO public.position_snapshots (id, user_id, position_id, date, quantity, unit_value, cost_basis_per_unit, portfolio_record_id, created_at, updated_at) VALUES ('1a7342e3-0ee3-4463-89d2-aaa1e18e9ff1', 'f7e710c7-2e9c-4925-a8d8-6a13def5fe41', '8a351b96-72e1-400f-bfa3-144ecb909231', '2024-10-27', 2.4, 2801.84, 2801.84, 'c9daa4bc-71c4-45ae-91ab-f6e364f5c429', '2026-02-01 08:52:30.893601+00', '2026-02-01 08:52:30.893601+00') ON CONFLICT DO NOTHING;
INSERT INTO public.position_snapshots (id, user_id, position_id, date, quantity, unit_value, cost_basis_per_unit, portfolio_record_id, created_at, updated_at) VALUES ('278fcc32-fa08-47de-a554-4bbb4d70399d', 'f7e710c7-2e9c-4925-a8d8-6a13def5fe41', '4a962e75-0785-4e85-b365-6ca88db8a07e', '2024-06-09', 13.92, 543.06, 408.2345402298851, 'e07f23f1-4e64-4a21-b10e-5c94e44a5f68', '2026-02-01 08:52:30.951788+00', '2026-02-01 08:52:30.951788+00') ON CONFLICT DO NOTHING;
INSERT INTO public.position_snapshots (id, user_id, position_id, date, quantity, unit_value, cost_basis_per_unit, portfolio_record_id, created_at, updated_at) VALUES ('69f2d1fe-15f2-49c9-a5f6-bc119e9955e4', 'f7e710c7-2e9c-4925-a8d8-6a13def5fe41', '3f273f7e-b950-457c-96f3-8964e4e60c1d', '2022-03-09', 11.23, 115.45, 115.45, 'b0ea5a8b-fbec-4b83-bae8-11300789f242', '2026-02-01 08:52:31.015208+00', '2026-02-01 08:52:31.015208+00') ON CONFLICT DO NOTHING;
INSERT INTO public.position_snapshots (id, user_id, position_id, date, quantity, unit_value, cost_basis_per_unit, portfolio_record_id, created_at, updated_at) VALUES ('9a681b56-75a4-4c7b-9b6b-24f0c36a1d00', 'f7e710c7-2e9c-4925-a8d8-6a13def5fe41', '3f273f7e-b950-457c-96f3-8964e4e60c1d', '2025-11-14', 30, 266.47, 266.47, '398b3ab4-71c9-43a1-bf2c-60e910471312', '2026-02-01 08:52:31.060383+00', '2026-02-01 08:52:31.060383+00') ON CONFLICT DO NOTHING;
INSERT INTO public.position_snapshots (id, user_id, position_id, date, quantity, unit_value, cost_basis_per_unit, portfolio_record_id, created_at, updated_at) VALUES ('8a781dfd-ca24-4489-a1e5-6e0f11df2990', 'f7e710c7-2e9c-4925-a8d8-6a13def5fe41', '783a1cd3-d79b-4932-882f-580ae323adb4', '2024-09-09', 25320.45, 1, 1, '436f46f6-687a-4650-a3dd-1cf7b08cbb9f', '2026-02-01 08:52:31.266038+00', '2026-02-01 08:52:31.266038+00') ON CONFLICT DO NOTHING;
INSERT INTO public.position_snapshots (id, user_id, position_id, date, quantity, unit_value, cost_basis_per_unit, portfolio_record_id, created_at, updated_at) VALUES ('5c7348e0-6ed0-40fd-800c-5c6f1ff49c64', 'f7e710c7-2e9c-4925-a8d8-6a13def5fe41', 'd7d82192-5595-44b2-9042-1f4e889b198d', '2023-09-16', 0.035, 90757.46, 90757.46, '8039e2b0-12f6-4e24-bb66-d11256fb3cda', '2026-02-01 08:52:31.355857+00', '2026-02-01 08:52:31.355857+00') ON CONFLICT DO NOTHING;
INSERT INTO public.position_snapshots (id, user_id, position_id, date, quantity, unit_value, cost_basis_per_unit, portfolio_record_id, created_at, updated_at) VALUES ('06cf0de0-99fe-4e0b-bfda-4a6d68fa92d9', 'f7e710c7-2e9c-4925-a8d8-6a13def5fe41', 'd7d82192-5595-44b2-9042-1f4e889b198d', '2025-03-26', 0.6286, 88297.15, 87261.40282691696, '68de3d5f-6a47-454a-a481-b909ae23d28d', '2026-02-01 08:52:31.392641+00', '2026-02-01 08:52:31.392641+00') ON CONFLICT DO NOTHING;
INSERT INTO public.position_snapshots (id, user_id, position_id, date, quantity, unit_value, cost_basis_per_unit, portfolio_record_id, created_at, updated_at) VALUES ('99ee6af2-53d4-46de-b83c-fc392bfef45f', 'f7e710c7-2e9c-4925-a8d8-6a13def5fe41', '898b2fea-896b-4041-805c-feeec5f02dcd', '2023-05-11', 4.51, 220.3, 185.81124168514415, '24ea7d9f-69b8-49ae-bd8f-8d9da7f7c13c', '2026-02-01 08:52:31.434851+00', '2026-02-01 08:52:31.434851+00') ON CONFLICT DO NOTHING;
INSERT INTO public.position_snapshots (id, user_id, position_id, date, quantity, unit_value, cost_basis_per_unit, portfolio_record_id, created_at, updated_at) VALUES ('bf31d911-4db8-4cc2-9019-5e7fc60ad022', 'f7e710c7-2e9c-4925-a8d8-6a13def5fe41', '4852f410-ea7b-40fd-88a2-8f04ec6a0a5a', '2025-11-04', 8000, 0.9792, 0.975693568625, 'fa3d2dee-acf2-4cc1-bb9d-3bb10ee6c5c7', '2026-02-01 08:52:31.518724+00', '2026-02-01 08:52:31.518724+00') ON CONFLICT DO NOTHING;
INSERT INTO public.position_snapshots (id, user_id, position_id, date, quantity, unit_value, cost_basis_per_unit, portfolio_record_id, created_at, updated_at) VALUES ('df01cf81-02eb-4d93-87e6-e1382f8308ba', 'f7e710c7-2e9c-4925-a8d8-6a13def5fe41', 'a93bb7de-264e-46b7-8af0-70eaa34b96dc', '2023-09-06', 11.48, 103.89, 103.89, 'ce55f5ff-5f8c-409a-8c2d-d7759caf8576', '2026-02-01 08:52:31.705584+00', '2026-02-01 08:52:31.705584+00') ON CONFLICT DO NOTHING;
INSERT INTO public.position_snapshots (id, user_id, position_id, date, quantity, unit_value, cost_basis_per_unit, portfolio_record_id, created_at, updated_at) VALUES ('520290e3-0595-4191-b8ac-35c2b4b5837f', 'f7e710c7-2e9c-4925-a8d8-6a13def5fe41', 'a93bb7de-264e-46b7-8af0-70eaa34b96dc', '2025-12-09', 22, 150.14, 150.14, '6efd1b8b-a445-4513-a004-bbc21ec518aa', '2026-02-01 08:52:31.750988+00', '2026-02-01 08:52:31.750988+00') ON CONFLICT DO NOTHING;
INSERT INTO public.position_snapshots (id, user_id, position_id, date, quantity, unit_value, cost_basis_per_unit, portfolio_record_id, created_at, updated_at) VALUES ('1ebce352-b1ed-4da2-b896-9d51c72b51ca', 'f7e710c7-2e9c-4925-a8d8-6a13def5fe41', '6ee6ecd1-001a-4541-9de1-86182cb0b3fa', '2022-06-27', 1, 254446.99, 254446.99, '9cf4c1a4-cf9e-4fe8-ac0c-1a830315b619', '2026-02-01 08:52:30.406932+00', '2026-02-01 08:52:30.406932+00') ON CONFLICT DO NOTHING;
INSERT INTO public.position_snapshots (id, user_id, position_id, date, quantity, unit_value, cost_basis_per_unit, portfolio_record_id, created_at, updated_at) VALUES ('d4279db3-4d14-4b06-9e3f-efe6e8d1700a', 'f7e710c7-2e9c-4925-a8d8-6a13def5fe41', '6ee6ecd1-001a-4541-9de1-86182cb0b3fa', '2024-01-13', 1, 280437.62, 280437.62, '5a047401-438e-42cd-b809-6dc576370d96', '2026-02-01 08:52:30.591703+00', '2026-02-01 08:52:30.591703+00') ON CONFLICT DO NOTHING;
INSERT INTO public.position_snapshots (id, user_id, position_id, date, quantity, unit_value, cost_basis_per_unit, portfolio_record_id, created_at, updated_at) VALUES ('c984c468-62b0-4a4c-a3a9-958dbbdecb33', 'f7e710c7-2e9c-4925-a8d8-6a13def5fe41', '4b0f79d8-88d3-45e9-8b78-b1c0efe9ced6', '2022-02-24', 6.25, 259.78, 259.78, 'f6f52cdf-74ac-4328-adf5-b8383a258357', '2026-02-01 08:52:30.762448+00', '2026-02-01 08:52:30.762448+00') ON CONFLICT DO NOTHING;
INSERT INTO public.position_snapshots (id, user_id, position_id, date, quantity, unit_value, cost_basis_per_unit, portfolio_record_id, created_at, updated_at) VALUES ('d7600ebf-fc75-47e0-9e48-896a16a30883', 'f7e710c7-2e9c-4925-a8d8-6a13def5fe41', '8a351b96-72e1-400f-bfa3-144ecb909231', '2023-10-15', 1.438, 2688.15, 2176.981756115595, '0543cabc-9789-442a-b811-1aae0f0d9533', '2026-02-01 08:52:30.861897+00', '2026-02-01 08:52:30.861897+00') ON CONFLICT DO NOTHING;
INSERT INTO public.position_snapshots (id, user_id, position_id, date, quantity, unit_value, cost_basis_per_unit, portfolio_record_id, created_at, updated_at) VALUES ('38c0f016-3e81-46fd-b646-383958d0ebb0', 'f7e710c7-2e9c-4925-a8d8-6a13def5fe41', '4a962e75-0785-4e85-b365-6ca88db8a07e', '2022-03-04', 3.44, 319, 319, '7487ee05-5268-41f8-a5e9-66ae292d82e1', '2026-02-01 08:52:30.922743+00', '2026-02-01 08:52:30.922743+00') ON CONFLICT DO NOTHING;
INSERT INTO public.position_snapshots (id, user_id, position_id, date, quantity, unit_value, cost_basis_per_unit, portfolio_record_id, created_at, updated_at) VALUES ('2e95bc06-b475-4d57-8daa-a598e7c28afa', 'f7e710c7-2e9c-4925-a8d8-6a13def5fe41', '3f273f7e-b950-457c-96f3-8964e4e60c1d', '2025-04-03', 26.5, 200.62, 149.27002641509438, '1658e551-a515-43b1-9f88-18c4d662bb49', '2026-02-01 08:52:31.038113+00', '2026-02-01 08:52:31.038113+00') ON CONFLICT DO NOTHING;
INSERT INTO public.position_snapshots (id, user_id, position_id, date, quantity, unit_value, cost_basis_per_unit, portfolio_record_id, created_at, updated_at) VALUES ('7987f058-c5b6-47b4-8548-45a380ec8a1d', 'f7e710c7-2e9c-4925-a8d8-6a13def5fe41', '44350b6e-5277-4f49-a287-4bf702d7fd3f', '2022-06-21', 1, 19270.11, 19270.11, '0ed36cb0-19e6-4252-9fe0-8bc2998f6d98', '2026-02-01 08:52:31.080272+00', '2026-02-01 08:52:31.080272+00') ON CONFLICT DO NOTHING;
INSERT INTO public.position_snapshots (id, user_id, position_id, date, quantity, unit_value, cost_basis_per_unit, portfolio_record_id, created_at, updated_at) VALUES ('9ac57291-9481-477c-9f9a-0a326faa5828', 'f7e710c7-2e9c-4925-a8d8-6a13def5fe41', '783a1cd3-d79b-4932-882f-580ae323adb4', '2025-04-08', 27304.86, 1, 1, '720e8773-680c-412c-a177-7a3e829aa517', '2026-02-01 08:52:31.285972+00', '2026-02-01 08:52:31.285972+00') ON CONFLICT DO NOTHING;
INSERT INTO public.position_snapshots (id, user_id, position_id, date, quantity, unit_value, cost_basis_per_unit, portfolio_record_id, created_at, updated_at) VALUES ('5bba3b7b-1ea4-44a0-97b5-beaac3cf073d', 'f7e710c7-2e9c-4925-a8d8-6a13def5fe41', 'd7d82192-5595-44b2-9042-1f4e889b198d', '2024-06-26', 0.35200000000000004, 95861.62, 88054.01776420455, 'cbe7fd71-4c8f-40d7-9777-dd0851d83a02', '2026-02-01 08:52:31.371668+00', '2026-02-01 08:52:31.371668+00') ON CONFLICT DO NOTHING;
INSERT INTO public.position_snapshots (id, user_id, position_id, date, quantity, unit_value, cost_basis_per_unit, portfolio_record_id, created_at, updated_at) VALUES ('0b9f9a81-7993-4d8e-b3fb-c81fe47f6bfe', 'f7e710c7-2e9c-4925-a8d8-6a13def5fe41', 'd7d82192-5595-44b2-9042-1f4e889b198d', '2025-11-11', 0.6, 86927.52, 86927.52, '20b60fad-80cf-4f99-ba20-91631be4ee9b', '2026-02-01 08:52:31.41184+00', '2026-02-01 08:52:31.41184+00') ON CONFLICT DO NOTHING;
INSERT INTO public.position_snapshots (id, user_id, position_id, date, quantity, unit_value, cost_basis_per_unit, portfolio_record_id, created_at, updated_at) VALUES ('b345d41a-8c70-4b60-924b-14e8e8e5429c', 'f7e710c7-2e9c-4925-a8d8-6a13def5fe41', '898b2fea-896b-4041-805c-feeec5f02dcd', '2025-05-12', 12, 379.15, 309.3982891722099, '73426f54-b899-4562-b307-be353711fe5d', '2026-02-01 08:52:31.452202+00', '2026-02-01 08:52:31.452202+00') ON CONFLICT DO NOTHING;
INSERT INTO public.position_snapshots (id, user_id, position_id, date, quantity, unit_value, cost_basis_per_unit, portfolio_record_id, created_at, updated_at) VALUES ('edd59c37-0fbb-49f4-961d-b8a11bd6be8b', 'f7e710c7-2e9c-4925-a8d8-6a13def5fe41', '4852f410-ea7b-40fd-88a2-8f04ec6a0a5a', '2023-03-19', 2134.77, 0.9824, 0.9807, '4c7f81b2-fc7d-400a-9707-148846dc3101', '2026-02-01 08:52:31.497863+00', '2026-02-01 08:52:31.497863+00') ON CONFLICT DO NOTHING;
INSERT INTO public.position_snapshots (id, user_id, position_id, date, quantity, unit_value, cost_basis_per_unit, portfolio_record_id, created_at, updated_at) VALUES ('81117d33-185a-4530-8d37-38088c48b2a0', 'f7e710c7-2e9c-4925-a8d8-6a13def5fe41', '4852f410-ea7b-40fd-88a2-8f04ec6a0a5a', '2025-12-08', 8000, 1.0107, 1.0107, '55a6a9a8-90c0-4c51-a275-10da848f0622', '2026-02-01 08:52:31.535521+00', '2026-02-01 08:52:31.535521+00') ON CONFLICT DO NOTHING;
INSERT INTO public.position_snapshots (id, user_id, position_id, date, quantity, unit_value, cost_basis_per_unit, portfolio_record_id, created_at, updated_at) VALUES ('bb1c1301-dc51-4418-91dd-ad422786a138', 'f7e710c7-2e9c-4925-a8d8-6a13def5fe41', 'a93bb7de-264e-46b7-8af0-70eaa34b96dc', '2025-01-05', 19.85, 123.19, 109.92953148614609, '2036a068-99f9-4044-b699-1e4d9557cf24', '2026-02-01 08:52:31.724187+00', '2026-02-01 08:52:31.724187+00') ON CONFLICT DO NOTHING;
INSERT INTO public.position_snapshots (id, user_id, position_id, date, quantity, unit_value, cost_basis_per_unit, portfolio_record_id, created_at, updated_at) VALUES ('72a71bec-4102-47f1-8c2e-6f7043a0c6c9', 'f7e710c7-2e9c-4925-a8d8-6a13def5fe41', '6ee6ecd1-001a-4541-9de1-86182cb0b3fa', '2022-11-19', 1, 247058.54, 247058.54, 'e25de1ed-5b62-449d-8396-3b03260fd72c', '2026-02-01 08:52:30.428219+00', '2026-02-01 08:52:30.428219+00') ON CONFLICT DO NOTHING;
INSERT INTO public.position_snapshots (id, user_id, position_id, date, quantity, unit_value, cost_basis_per_unit, portfolio_record_id, created_at, updated_at) VALUES ('a5b8730d-61bd-4353-9c1a-7efbb987ec45', 'f7e710c7-2e9c-4925-a8d8-6a13def5fe41', '6ee6ecd1-001a-4541-9de1-86182cb0b3fa', '2024-01-28', 1, 289255.32, 289255.32, 'f611eacc-7b41-48f2-bbba-d1a340766b27', '2026-02-01 08:52:30.610966+00', '2026-02-01 08:52:30.610966+00') ON CONFLICT DO NOTHING;
INSERT INTO public.position_snapshots (id, user_id, position_id, date, quantity, unit_value, cost_basis_per_unit, portfolio_record_id, created_at, updated_at) VALUES ('51a9d7cc-4941-4df7-83e3-85bf61917ae4', 'f7e710c7-2e9c-4925-a8d8-6a13def5fe41', '4b0f79d8-88d3-45e9-8b78-b1c0efe9ced6', '2024-07-17', 17.17, 336.45, 282.44279289195117, '3dcf092d-66d1-46b9-a434-5661bd2578d5', '2026-02-01 08:52:30.78317+00', '2026-02-01 08:52:30.78317+00') ON CONFLICT DO NOTHING;
INSERT INTO public.position_snapshots (id, user_id, position_id, date, quantity, unit_value, cost_basis_per_unit, portfolio_record_id, created_at, updated_at) VALUES ('98718fb0-ec9e-44d6-85c1-f27b9791e0cf', 'f7e710c7-2e9c-4925-a8d8-6a13def5fe41', '4a962e75-0785-4e85-b365-6ca88db8a07e', '2023-08-26', 12.97, 518.82, 398.3591210485736, '1005dd0f-ec63-46d0-8ea9-b62eea171814', '2026-02-01 08:52:30.945257+00', '2026-02-01 08:52:30.945257+00') ON CONFLICT DO NOTHING;
INSERT INTO public.position_snapshots (id, user_id, position_id, date, quantity, unit_value, cost_basis_per_unit, portfolio_record_id, created_at, updated_at) VALUES ('361f0d8a-7ce7-4627-ba37-f94636e07bdf', 'f7e710c7-2e9c-4925-a8d8-6a13def5fe41', '44350b6e-5277-4f49-a287-4bf702d7fd3f', '2022-12-21', 1, 19851.95, 19851.95, '7da0fa5d-c81b-4d33-9b72-cf8df33892c5', '2026-02-01 08:52:31.103844+00', '2026-02-01 08:52:31.103844+00') ON CONFLICT DO NOTHING;
INSERT INTO public.position_snapshots (id, user_id, position_id, date, quantity, unit_value, cost_basis_per_unit, portfolio_record_id, created_at, updated_at) VALUES ('53ce050b-076b-44b2-9df3-5ce01c0bdf4d', 'f7e710c7-2e9c-4925-a8d8-6a13def5fe41', '783a1cd3-d79b-4932-882f-580ae323adb4', '2025-06-07', 29067.2, 1, 1, 'e513b091-07c8-494d-a182-c8ce18d89161', '2026-02-01 08:52:31.306525+00', '2026-02-01 08:52:31.306525+00') ON CONFLICT DO NOTHING;
INSERT INTO public.position_snapshots (id, user_id, position_id, date, quantity, unit_value, cost_basis_per_unit, portfolio_record_id, created_at, updated_at) VALUES ('3244340c-9f18-41e5-b531-c2c406a0cd44', 'f7e710c7-2e9c-4925-a8d8-6a13def5fe41', 'd7d82192-5595-44b2-9042-1f4e889b198d', '2023-01-08', 0, 76584.97, 0, 'aba16c90-7d9e-404a-bff8-6e65b8415957', '2026-02-01 08:52:31.351173+00', '2026-02-01 08:52:31.351173+00') ON CONFLICT DO NOTHING;
INSERT INTO public.position_snapshots (id, user_id, position_id, date, quantity, unit_value, cost_basis_per_unit, portfolio_record_id, created_at, updated_at) VALUES ('f6e47bd9-c31f-4b91-860f-977178801672', 'f7e710c7-2e9c-4925-a8d8-6a13def5fe41', 'd7d82192-5595-44b2-9042-1f4e889b198d', '2024-11-25', 0.5701, 84206.58, 87155.1211050693, 'af124c6c-1162-4c51-8790-42cc8f3f51f5', '2026-02-01 08:52:31.387423+00', '2026-02-01 08:52:31.387423+00') ON CONFLICT DO NOTHING;
INSERT INTO public.position_snapshots (id, user_id, position_id, date, quantity, unit_value, cost_basis_per_unit, portfolio_record_id, created_at, updated_at) VALUES ('802b2949-7a8b-4743-b0f1-fcc6308ed4cc', 'f7e710c7-2e9c-4925-a8d8-6a13def5fe41', '898b2fea-896b-4041-805c-feeec5f02dcd', '2023-02-06', 3.33, 173.59, 173.59, 'cacab09b-2c40-451b-9bb8-c0be09c58091', '2026-02-01 08:52:31.430599+00', '2026-02-01 08:52:31.430599+00') ON CONFLICT DO NOTHING;
INSERT INTO public.position_snapshots (id, user_id, position_id, date, quantity, unit_value, cost_basis_per_unit, portfolio_record_id, created_at, updated_at) VALUES ('3f634d94-d4d2-4fe0-82c8-1a2245d2059c', 'f7e710c7-2e9c-4925-a8d8-6a13def5fe41', '898b2fea-896b-4041-805c-feeec5f02dcd', '2025-07-16', 12, 438.04, 438.04, 'bbb59316-5b41-413b-baa6-becf526ce62a', '2026-02-01 08:52:31.473192+00', '2026-02-01 08:52:31.473192+00') ON CONFLICT DO NOTHING;
INSERT INTO public.position_snapshots (id, user_id, position_id, date, quantity, unit_value, cost_basis_per_unit, portfolio_record_id, created_at, updated_at) VALUES ('c7c0fc78-debf-4ada-8849-b993989f43ea', 'f7e710c7-2e9c-4925-a8d8-6a13def5fe41', '4852f410-ea7b-40fd-88a2-8f04ec6a0a5a', '2025-07-19', 5689.59, 0.9951, 0.9742696885012805, 'bb8c3c72-5b89-4e5b-b0e0-cb415c962612', '2026-02-01 08:52:31.515094+00', '2026-02-01 08:52:31.515094+00') ON CONFLICT DO NOTHING;
INSERT INTO public.position_snapshots (id, user_id, position_id, date, quantity, unit_value, cost_basis_per_unit, portfolio_record_id, created_at, updated_at) VALUES ('bd5b776e-13c3-488b-a2f1-dd416b9a8f9b', 'f7e710c7-2e9c-4925-a8d8-6a13def5fe41', '8bc59f8d-62a7-40e1-9cc8-e7647e6a1c4c', '2023-03-24', 37478.22, 1, 1, '5a1bed3f-5764-4cba-9e66-45e5b611b094', '2026-02-01 08:52:31.553334+00', '2026-02-01 08:52:31.553334+00') ON CONFLICT DO NOTHING;
INSERT INTO public.position_snapshots (id, user_id, position_id, date, quantity, unit_value, cost_basis_per_unit, portfolio_record_id, created_at, updated_at) VALUES ('0aca8e01-c004-48bf-bca1-c80b3266b2c7', 'f7e710c7-2e9c-4925-a8d8-6a13def5fe41', '6ee6ecd1-001a-4541-9de1-86182cb0b3fa', '2023-01-17', 1, 258195.57, 258195.57, '6c578193-e328-4d59-b4d0-77e703020f56', '2026-02-01 08:52:30.44676+00', '2026-02-01 08:52:30.44676+00') ON CONFLICT DO NOTHING;
INSERT INTO public.position_snapshots (id, user_id, position_id, date, quantity, unit_value, cost_basis_per_unit, portfolio_record_id, created_at, updated_at) VALUES ('f095d346-8375-4ad4-be10-d24781934b75', 'f7e710c7-2e9c-4925-a8d8-6a13def5fe41', '6ee6ecd1-001a-4541-9de1-86182cb0b3fa', '2024-02-02', 1, 283821.58, 283821.58, '73395694-ab15-4d84-9805-6da7c8b27941', '2026-02-01 08:52:30.628959+00', '2026-02-01 08:52:30.628959+00') ON CONFLICT DO NOTHING;
INSERT INTO public.position_snapshots (id, user_id, position_id, date, quantity, unit_value, cost_basis_per_unit, portfolio_record_id, created_at, updated_at) VALUES ('88b1b65f-47f6-414f-b72b-3a448e0c2bd5', 'f7e710c7-2e9c-4925-a8d8-6a13def5fe41', '8a351b96-72e1-400f-bfa3-144ecb909231', '2023-05-08', 1.6229, 2989.81, 2176.981756115595, '55c6b6a4-6c73-4277-9515-4b0525608f9a', '2026-02-01 08:52:30.856838+00', '2026-02-01 08:52:30.856838+00') ON CONFLICT DO NOTHING;
INSERT INTO public.position_snapshots (id, user_id, position_id, date, quantity, unit_value, cost_basis_per_unit, portfolio_record_id, created_at, updated_at) VALUES ('0aaa0fbd-cf09-40d9-988a-dd717ca1c047', 'f7e710c7-2e9c-4925-a8d8-6a13def5fe41', '3f273f7e-b950-457c-96f3-8964e4e60c1d', '2024-10-13', 21.57, 181.93, 137.53356977283266, 'ff9fb5e4-9305-4734-bfff-f62cb023d72b', '2026-02-01 08:52:31.032914+00', '2026-02-01 08:52:31.032914+00') ON CONFLICT DO NOTHING;
INSERT INTO public.position_snapshots (id, user_id, position_id, date, quantity, unit_value, cost_basis_per_unit, portfolio_record_id, created_at, updated_at) VALUES ('e40e6a51-8ba2-4e27-961c-a08a7f0bc05a', 'f7e710c7-2e9c-4925-a8d8-6a13def5fe41', '44350b6e-5277-4f49-a287-4bf702d7fd3f', '2023-06-15', 1, 20365.31, 20365.31, 'bc0d1d73-11ca-41bb-81f2-3c0d6210d306', '2026-02-01 08:52:31.127935+00', '2026-02-01 08:52:31.127935+00') ON CONFLICT DO NOTHING;
INSERT INTO public.position_snapshots (id, user_id, position_id, date, quantity, unit_value, cost_basis_per_unit, portfolio_record_id, created_at, updated_at) VALUES ('1941f87d-0c93-4a8a-83cf-41b0c62c4fb5', 'f7e710c7-2e9c-4925-a8d8-6a13def5fe41', '783a1cd3-d79b-4932-882f-580ae323adb4', '2026-01-05', 30000, 1, 1, '94b08c69-c279-4ba4-8fc0-cabb9afe10e6', '2026-02-01 08:52:31.326209+00', '2026-02-01 08:52:31.326209+00') ON CONFLICT DO NOTHING;
INSERT INTO public.position_snapshots (id, user_id, position_id, date, quantity, unit_value, cost_basis_per_unit, portfolio_record_id, created_at, updated_at) VALUES ('8ba90b08-d20c-41e9-aa4e-f92cc2f9960b', 'f7e710c7-2e9c-4925-a8d8-6a13def5fe41', 'd7d82192-5595-44b2-9042-1f4e889b198d', '2024-06-26', 0.24680000000000002, 86157.57, 84725.97985818476, '163dafb5-bcb2-4c18-90e3-accf05efca9d', '2026-02-01 08:52:31.367904+00', '2026-02-01 08:52:31.367904+00') ON CONFLICT DO NOTHING;
INSERT INTO public.position_snapshots (id, user_id, position_id, date, quantity, unit_value, cost_basis_per_unit, portfolio_record_id, created_at, updated_at) VALUES ('c8e48209-1245-4457-9297-2c371934ba7f', 'f7e710c7-2e9c-4925-a8d8-6a13def5fe41', '898b2fea-896b-4041-805c-feeec5f02dcd', '2025-04-18', 9.2, 363.43, 288.169507615926, '2421f26b-b077-4561-a619-12e6960121d9', '2026-02-01 08:52:31.44768+00', '2026-02-01 08:52:31.44768+00') ON CONFLICT DO NOTHING;
INSERT INTO public.position_snapshots (id, user_id, position_id, date, quantity, unit_value, cost_basis_per_unit, portfolio_record_id, created_at, updated_at) VALUES ('8dc07a63-69af-4cb9-b648-f988c914f5fa', 'f7e710c7-2e9c-4925-a8d8-6a13def5fe41', '4852f410-ea7b-40fd-88a2-8f04ec6a0a5a', '2023-03-18', 2134.77, 0.9807, 0.9807, 'c220586a-d1e8-4c1d-bc47-4b478bc706ca', '2026-02-01 08:52:31.493855+00', '2026-02-01 08:52:31.493855+00') ON CONFLICT DO NOTHING;
INSERT INTO public.position_snapshots (id, user_id, position_id, date, quantity, unit_value, cost_basis_per_unit, portfolio_record_id, created_at, updated_at) VALUES ('d77b1625-5c1e-4535-a5e0-ccf4ddb9a4be', 'f7e710c7-2e9c-4925-a8d8-6a13def5fe41', '8bc59f8d-62a7-40e1-9cc8-e7647e6a1c4c', '2023-08-04', 34812.61, 1, 1, '38de5469-f9e5-49c6-8977-8fb5b8461753', '2026-02-01 08:52:31.576022+00', '2026-02-01 08:52:31.576022+00') ON CONFLICT DO NOTHING;
INSERT INTO public.position_snapshots (id, user_id, position_id, date, quantity, unit_value, cost_basis_per_unit, portfolio_record_id, created_at, updated_at) VALUES ('fb0683bc-2167-451a-9d0a-a00f486801d1', 'f7e710c7-2e9c-4925-a8d8-6a13def5fe41', 'a93bb7de-264e-46b7-8af0-70eaa34b96dc', '2024-12-09', 18.240000000000002, 129.06, 108.75906249999998, 'd02cc706-caeb-4e31-a8ae-5f9d7d11f2a4', '2026-02-01 08:52:31.719884+00', '2026-02-01 08:52:31.719884+00') ON CONFLICT DO NOTHING;
INSERT INTO public.position_snapshots (id, user_id, position_id, date, quantity, unit_value, cost_basis_per_unit, portfolio_record_id, created_at, updated_at) VALUES ('f201bee1-5502-4046-9a95-d261207aebd1', 'f7e710c7-2e9c-4925-a8d8-6a13def5fe41', '6ee6ecd1-001a-4541-9de1-86182cb0b3fa', '2023-03-31', 1, 259209.66, 259209.66, 'c1d6f8b4-1f33-40bb-9f39-44a204be452e', '2026-02-01 08:52:30.469745+00', '2026-02-01 08:52:30.469745+00') ON CONFLICT DO NOTHING;
INSERT INTO public.position_snapshots (id, user_id, position_id, date, quantity, unit_value, cost_basis_per_unit, portfolio_record_id, created_at, updated_at) VALUES ('b3ec6d65-4522-442a-bff6-87478a1a8279', 'f7e710c7-2e9c-4925-a8d8-6a13def5fe41', '6ee6ecd1-001a-4541-9de1-86182cb0b3fa', '2024-04-25', 1, 295648.37, 295648.37, '72bdf95c-fb84-46e7-9c16-b7b54c8c0a44', '2026-02-01 08:52:30.648397+00', '2026-02-01 08:52:30.648397+00') ON CONFLICT DO NOTHING;
INSERT INTO public.position_snapshots (id, user_id, position_id, date, quantity, unit_value, cost_basis_per_unit, portfolio_record_id, created_at, updated_at) VALUES ('e3f3f8b7-2f01-4ceb-8dc8-6a79d7b5d710', 'f7e710c7-2e9c-4925-a8d8-6a13def5fe41', '4b0f79d8-88d3-45e9-8b78-b1c0efe9ced6', '2024-07-16', 13.96, 291.92, 270.0242302259887, 'b63cedee-582b-40d6-9fbe-116fc566b821', '2026-02-01 08:52:30.778231+00', '2026-02-01 08:52:30.778231+00') ON CONFLICT DO NOTHING;
INSERT INTO public.position_snapshots (id, user_id, position_id, date, quantity, unit_value, cost_basis_per_unit, portfolio_record_id, created_at, updated_at) VALUES ('d2913945-915c-47a6-ae95-d0b34c1fcea0', 'f7e710c7-2e9c-4925-a8d8-6a13def5fe41', '4a962e75-0785-4e85-b365-6ca88db8a07e', '2023-07-01', 10.49, 463.98, 369.8802859866539, '1d596c4f-c3ce-4b8f-ab42-4595a71e9b6f', '2026-02-01 08:52:30.939615+00', '2026-02-01 08:52:30.939615+00') ON CONFLICT DO NOTHING;
INSERT INTO public.position_snapshots (id, user_id, position_id, date, quantity, unit_value, cost_basis_per_unit, portfolio_record_id, created_at, updated_at) VALUES ('57b13b6a-cd33-465f-8390-9e259dd66050', 'f7e710c7-2e9c-4925-a8d8-6a13def5fe41', '44350b6e-5277-4f49-a287-4bf702d7fd3f', '2023-12-15', 1, 19514.87, 19514.87, '0e7a26d1-d1d3-400e-bd7f-f4aa7728f919', '2026-02-01 08:52:31.144618+00', '2026-02-01 08:52:31.144618+00') ON CONFLICT DO NOTHING;
INSERT INTO public.position_snapshots (id, user_id, position_id, date, quantity, unit_value, cost_basis_per_unit, portfolio_record_id, created_at, updated_at) VALUES ('0ff0989f-5876-4116-97d1-d3ff9e036de0', 'f7e710c7-2e9c-4925-a8d8-6a13def5fe41', 'd7d82192-5595-44b2-9042-1f4e889b198d', '2022-09-08', 0.0093, 96774.25, 96774.25, '1ae65184-7405-49ae-bffc-582cff610713', '2026-02-01 08:52:31.345634+00', '2026-02-01 08:52:31.345634+00') ON CONFLICT DO NOTHING;
INSERT INTO public.position_snapshots (id, user_id, position_id, date, quantity, unit_value, cost_basis_per_unit, portfolio_record_id, created_at, updated_at) VALUES ('3a40bd9b-1c22-4006-af96-2329cb9b416e', 'f7e710c7-2e9c-4925-a8d8-6a13def5fe41', 'd7d82192-5595-44b2-9042-1f4e889b198d', '2024-10-14', 0.4854, 83286.7, 87669.62755665432, 'cf368978-e46d-4eb2-89f2-0410f8401110', '2026-02-01 08:52:31.383608+00', '2026-02-01 08:52:31.383608+00') ON CONFLICT DO NOTHING;
INSERT INTO public.position_snapshots (id, user_id, position_id, date, quantity, unit_value, cost_basis_per_unit, portfolio_record_id, created_at, updated_at) VALUES ('165e5cf9-56c4-49a4-9acf-58e29e4bdf13', 'f7e710c7-2e9c-4925-a8d8-6a13def5fe41', '4852f410-ea7b-40fd-88a2-8f04ec6a0a5a', '2025-02-02', 5000.95, 0.9858, 0.9714013163498937, 'ba950769-4ea4-45e4-a005-d0f9fa5404d9', '2026-02-01 08:52:31.509712+00', '2026-02-01 08:52:31.509712+00') ON CONFLICT DO NOTHING;
INSERT INTO public.position_snapshots (id, user_id, position_id, date, quantity, unit_value, cost_basis_per_unit, portfolio_record_id, created_at, updated_at) VALUES ('e4c97489-2de9-4177-8c2d-155403e85b17', 'f7e710c7-2e9c-4925-a8d8-6a13def5fe41', '8bc59f8d-62a7-40e1-9cc8-e7647e6a1c4c', '2023-09-04', 34521.38, 1, 1, 'd08ff066-17e0-49cd-be9c-11662aaf49da', '2026-02-01 08:52:31.597449+00', '2026-02-01 08:52:31.597449+00') ON CONFLICT DO NOTHING;
INSERT INTO public.position_snapshots (id, user_id, position_id, date, quantity, unit_value, cost_basis_per_unit, portfolio_record_id, created_at, updated_at) VALUES ('f5de5152-92b5-4ec3-98b8-630d95f67304', 'f7e710c7-2e9c-4925-a8d8-6a13def5fe41', '6ee6ecd1-001a-4541-9de1-86182cb0b3fa', '2023-05-28', 1, 267958.45, 267958.45, '33691a3c-ab37-4e9a-a212-8515038e7c57', '2026-02-01 08:52:30.502068+00', '2026-02-01 08:52:30.502068+00') ON CONFLICT DO NOTHING;
INSERT INTO public.position_snapshots (id, user_id, position_id, date, quantity, unit_value, cost_basis_per_unit, portfolio_record_id, created_at, updated_at) VALUES ('0f83ae53-0602-4221-8dfa-5dbcd500570a', 'f7e710c7-2e9c-4925-a8d8-6a13def5fe41', '6ee6ecd1-001a-4541-9de1-86182cb0b3fa', '2024-05-02', 1, 296784.77, 296784.77, 'e1999de1-7f20-4a33-8d05-438e07ddfc1d', '2026-02-01 08:52:30.66557+00', '2026-02-01 08:52:30.66557+00') ON CONFLICT DO NOTHING;
INSERT INTO public.position_snapshots (id, user_id, position_id, date, quantity, unit_value, cost_basis_per_unit, portfolio_record_id, created_at, updated_at) VALUES ('c95dffa0-8324-4b73-8942-53cac9306bc0', 'f7e710c7-2e9c-4925-a8d8-6a13def5fe41', '8a351b96-72e1-400f-bfa3-144ecb909231', '2023-01-11', 1.415, 2419.27, 2057.5563201413424, 'b94eaf12-e3a1-4b18-bc61-3f14e1e66d19', '2026-02-01 08:52:30.851802+00', '2026-02-01 08:52:30.851802+00') ON CONFLICT DO NOTHING;
INSERT INTO public.position_snapshots (id, user_id, position_id, date, quantity, unit_value, cost_basis_per_unit, portfolio_record_id, created_at, updated_at) VALUES ('5c4be22d-c0bc-4aa0-9948-2e2be7cb993e', 'f7e710c7-2e9c-4925-a8d8-6a13def5fe41', '3f273f7e-b950-457c-96f3-8964e4e60c1d', '2024-05-29', 20.59, 167.74, 135.4204808159301, '05935fe5-8c59-4780-9177-4410e38dbf77', '2026-02-01 08:52:31.027495+00', '2026-02-01 08:52:31.027495+00') ON CONFLICT DO NOTHING;
INSERT INTO public.position_snapshots (id, user_id, position_id, date, quantity, unit_value, cost_basis_per_unit, portfolio_record_id, created_at, updated_at) VALUES ('50b8f853-2ef3-4bf7-b27c-bba2a1d8e362', 'f7e710c7-2e9c-4925-a8d8-6a13def5fe41', '44350b6e-5277-4f49-a287-4bf702d7fd3f', '2024-06-03', 1, 19805.55, 19805.55, 'b6ac192c-b8f0-4752-a806-561595f30a40', '2026-02-01 08:52:31.166278+00', '2026-02-01 08:52:31.166278+00') ON CONFLICT DO NOTHING;
INSERT INTO public.position_snapshots (id, user_id, position_id, date, quantity, unit_value, cost_basis_per_unit, portfolio_record_id, created_at, updated_at) VALUES ('30835f62-439b-4274-b3bb-95a58e7e9f5c', 'f7e710c7-2e9c-4925-a8d8-6a13def5fe41', 'd7d82192-5595-44b2-9042-1f4e889b198d', '2024-06-07', 0.2363, 97031.13, 84662.3670926788, 'a55d4419-0216-42ad-8220-48a26a27c574', '2026-02-01 08:52:31.364157+00', '2026-02-01 08:52:31.364157+00') ON CONFLICT DO NOTHING;
INSERT INTO public.position_snapshots (id, user_id, position_id, date, quantity, unit_value, cost_basis_per_unit, portfolio_record_id, created_at, updated_at) VALUES ('c6702cf3-6eb9-459e-8634-7c1786828787', 'f7e710c7-2e9c-4925-a8d8-6a13def5fe41', '898b2fea-896b-4041-805c-feeec5f02dcd', '2024-12-01', 4.58, 309.38, 212.2517183551351, '2e055ec6-d5b4-4714-a838-d9a2c6dd6f38', '2026-02-01 08:52:31.443075+00', '2026-02-01 08:52:31.443075+00') ON CONFLICT DO NOTHING;
INSERT INTO public.position_snapshots (id, user_id, position_id, date, quantity, unit_value, cost_basis_per_unit, portfolio_record_id, created_at, updated_at) VALUES ('cdd40bfc-b1f6-496e-a5b6-360ffa7a9925', 'f7e710c7-2e9c-4925-a8d8-6a13def5fe41', '8bc59f8d-62a7-40e1-9cc8-e7647e6a1c4c', '2025-05-09', 30196.38, 1, 1, '19b95bd8-af2d-4271-853c-93cb6d023ea0', '2026-02-01 08:52:31.615067+00', '2026-02-01 08:52:31.615067+00') ON CONFLICT DO NOTHING;
INSERT INTO public.position_snapshots (id, user_id, position_id, date, quantity, unit_value, cost_basis_per_unit, portfolio_record_id, created_at, updated_at) VALUES ('43fdb9be-a497-4b48-b8aa-12847abe38d2', 'f7e710c7-2e9c-4925-a8d8-6a13def5fe41', 'a93bb7de-264e-46b7-8af0-70eaa34b96dc', '2024-11-27', 18.240000000000002, 119.56, 108.75906249999998, 'ee3e9bb6-78e1-4e78-a2de-dd0869be001d', '2026-02-01 08:52:31.716245+00', '2026-02-01 08:52:31.716245+00') ON CONFLICT DO NOTHING;
INSERT INTO public.symbol_aliases (id, symbol_id, value, type, source, effective_from, effective_to, is_primary, created_at, updated_at) VALUES ('d296e720-c6b0-43c3-ad7e-9421c7f59b79', '3be27f4e-abb4-48e0-a6ad-f07ce912e225', 'AAPL', 'ticker', 'yahoo', '2026-02-01 08:52:04.389+00', NULL, true, '2026-02-01 08:52:04.406461+00', '2026-02-01 08:52:04.406461+00') ON CONFLICT DO NOTHING;
INSERT INTO public.symbol_aliases (id, symbol_id, value, type, source, effective_from, effective_to, is_primary, created_at, updated_at) VALUES ('d3416e03-b257-42bf-988d-9f16796a8cd9', 'f8286436-09d7-4e8a-bdd1-d064c2e22cc3', 'MSFT', 'ticker', 'yahoo', '2026-02-01 08:52:04.747+00', NULL, true, '2026-02-01 08:52:04.764388+00', '2026-02-01 08:52:04.764388+00') ON CONFLICT DO NOTHING;
INSERT INTO public.symbol_aliases (id, symbol_id, value, type, source, effective_from, effective_to, is_primary, created_at, updated_at) VALUES ('504f500c-61d5-4d23-808c-2ed770e928eb', 'ca09e75c-bc04-43ac-99be-38428d41e2e3', '9984.T', 'ticker', 'yahoo', '2026-02-01 08:52:05.088+00', NULL, true, '2026-02-01 08:52:05.097977+00', '2026-02-01 08:52:05.097977+00') ON CONFLICT DO NOTHING;
INSERT INTO public.symbol_aliases (id, symbol_id, value, type, source, effective_from, effective_to, is_primary, created_at, updated_at) VALUES ('d1a3d866-4549-4523-a0cd-1266b96aab9d', '3668309d-81a3-4da5-92d8-574f0c732059', 'SPY', 'ticker', 'yahoo', '2026-02-01 08:52:05.588+00', NULL, true, '2026-02-01 08:52:05.608587+00', '2026-02-01 08:52:05.608587+00') ON CONFLICT DO NOTHING;
INSERT INTO public.symbol_aliases (id, symbol_id, value, type, source, effective_from, effective_to, is_primary, created_at, updated_at) VALUES ('6ff99f3f-ff27-408d-ac95-df23fa76cadf', 'dac3d827-8da1-4547-88a8-a5327e12db97', '0700.HK', 'ticker', 'yahoo', '2026-02-01 08:52:05.944+00', NULL, true, '2026-02-01 08:52:05.95788+00', '2026-02-01 08:52:05.95788+00') ON CONFLICT DO NOTHING;
INSERT INTO public.symbol_aliases (id, symbol_id, value, type, source, effective_from, effective_to, is_primary, created_at, updated_at) VALUES ('f86ed5ce-b0a2-4b2d-a0e6-5328e07c7399', '8f78e671-8724-4f0a-a2df-9595ea334e2d', 'VWCE.DE', 'ticker', 'yahoo', '2026-02-01 08:52:06.298+00', NULL, true, '2026-02-01 08:52:06.316213+00', '2026-02-01 08:52:06.316213+00') ON CONFLICT DO NOTHING;
INSERT INTO public.symbol_aliases (id, symbol_id, value, type, source, effective_from, effective_to, is_primary, created_at, updated_at) VALUES ('eefe6b32-e34d-455e-aebd-48dc1799f312', '277aa1b9-8ab2-4012-a51c-43d3cd1e2e95', 'BTC-USD', 'ticker', 'yahoo', '2026-02-01 08:52:06.857+00', NULL, true, '2026-02-01 08:52:06.872223+00', '2026-02-01 08:52:06.872223+00') ON CONFLICT DO NOTHING;
INSERT INTO public.symbol_aliases (id, symbol_id, value, type, source, effective_from, effective_to, is_primary, created_at, updated_at) VALUES ('a7e2927f-269b-4a11-8403-a513afa89124', '502c0cb4-7383-4823-a2d0-c81004358efd', 'ETH-USD', 'ticker', 'yahoo', '2026-02-01 08:52:07.224+00', NULL, true, '2026-02-01 08:52:07.242478+00', '2026-02-01 08:52:07.242478+00') ON CONFLICT DO NOTHING;
INSERT INTO public.symbol_aliases (id, symbol_id, value, type, source, effective_from, effective_to, is_primary, created_at, updated_at) VALUES ('fd94497d-37ae-4d17-8e6f-5894419ca456', '0a687a82-1a20-4fb3-93b9-ac334f1e2249', 'GLD', 'ticker', 'yahoo', '2026-02-01 08:52:07.744+00', NULL, true, '2026-02-01 08:52:07.767148+00', '2026-02-01 08:52:07.767148+00') ON CONFLICT DO NOTHING;
